DATE,MAIN,Albama_center,Albama_right
1965-01-01,113,105.10083333333336,0
1965-02-01,75,104.08633333333336,0
1965-03-01,71,106.29183333333334,0
1965-04-01,116,120.39266666666667,0
1965-05-01,170,133.3925,0
1965-06-01,112,131.7845,0
1965-07-01,152,136.094,0
1965-08-01,132,137.137,0
1965-09-01,152,137.48316666666668,0
1965-10-01,113,137.46366666666668,120.195
1965-11-01,145,140.70816666666664,122.0035
1965-12-01,184,147.71533333333335,128.11
1966-01-01,98,136.97733333333335,145.41916666666665
1966-02-01,123,134.94400000000002,136.8543333333333
1966-03-01,222,150.5001666666667,163.6405
1966-04-01,112,143.03783333333334,149.1591666666667
1966-05-01,153,144.5093333333334,153.645
1966-06-01,204,147.6836666666667,167.9215
1966-07-01,68,121.6975,140.6785
1966-08-01,100,93.52550000000001,127.74966666666667
1966-09-01,28,73.01700000000001,96.55233333333337
1966-10-01,100,63.899333333333345,99.78466666666668
1966-11-01,24,44.00300000000002,73.591
1966-12-01,50,35.259166666666665,62.95733333333334
1967-01-01,108,29.995833333333334,72.85166666666666
1967-02-01,-80,3.58766666666666,27.3505
1967-03-01,-18,-4.941333333333336,19.145166666666665
1967-04-01,-70,-4.18083333333333,-4.658666666666659
1967-05-01,25,10.510499999999986,-1.9149999999999965
1967-06-01,26,26.684499999999993,1.2314999999999747
1967-07-01,76,54.76916666666666,22.095000000000024
1967-08-01,138,74.67366666666668,48.11616666666665
1967-09-01,-46,63.57433333333334,17.721500000000002
1967-10-01,54,83.48816666666667,27.279166666666672
1967-11-01,345,132.43000000000004,142.3961666666667
1967-12-01,73,109.06816666666667,115.74466666666667
1968-01-01,-95,78.79299999999999,48.04016666666667
1968-02-01,241,110.08149999999999,125.615
1968-03-01,51,96.826,109.038
1968-04-01,137,88.72916666666667,130.2915
1968-05-01,55,83.8005,100.27583333333332
1968-06-01,72,87.34200000000001,105.84
1968-07-01,121,98.95033333333335,109.57866666666666
1968-08-01,54,96.46616666666665,94.57466666666666
1968-09-01,77,100.32983333333333,88.76516666666666
1968-10-01,156,117.04583333333333,105.14416666666668
1968-11-01,196,131.9728333333333,135.19799999999998
1968-12-01,111,126.86833333333331,132.24050000000003
1969-01-01,131,123.79116666666664,133.59633333333335
1969-02-01,136,123.77849999999998,136.1285
1969-03-01,120,117.7515,132.281
1969-04-01,49,108.33466666666668,111.7485
1969-05-01,117,103.72283333333334,113.15133333333333
1969-06-01,145,103.83316666666667,121.96916666666667
1969-07-01,79,87.36183333333334,108.62033333333335
1969-08-01,146,76.82666666666667,123.12216666666669
1969-09-01,-109,29.06716666666667,44.8765
1969-10-01,104,17.584000000000014,51.244000000000014
1969-11-01,-122,-19.239500000000024,4.835499999999985
1969-12-01,24,-26.56116666666668,-11.774166666666664
1970-01-01,-82,-35.56899999999999,-31.591499999999993
1970-02-01,15,-34.34766666666664,-28.601333333333326
1970-03-01,69,-48.300999999999995,-7.199500000000008
1970-04-01,-176,-84.19733333333335,-55.258333333333326
1970-05-01,-200,-106.74833333333338,-102.51633333333338
1970-06-01,-76,-98.04000000000002,-98.18000000000004
1970-07-01,-23,-85.13066666666666,-80.28416666666665
1970-08-01,-129,-96.5406666666667,-99.43616666666665
1970-09-01,9,-104.04516666666665,-72.84933333333333
1970-10-01,-484,-136.02966666666669,-215.3221666666667
1970-11-01,-117,-100.25999999999999,-220.865
1970-12-01,317,36.831,-21.05766666666667
1971-01-01,41,42.07200000000001,4.85383333333333
1971-02-01,-94,8.665666666666668,-39.21066666666666
1971-03-01,34,26.02066666666665,-6.48583333333334
1971-04-01,118,46.72883333333332,40.388833333333324
1971-05-01,156,61.214166666666664,75.31950000000002
1971-06-01,-35,49.9475,50.604166666666664
1971-07-01,30,47.89166666666666,48.94566666666666
1971-08-01,-18,51.35916666666666,36.478666666666676
1971-09-01,161,71.6095,74.50116666666668
1971-10-01,-38,71.68900000000001,39.64666666666666
1971-11-01,118,103.91233333333334,54.256833333333326
1971-12-01,90,124.88366666666666,67.39550000000003
1972-01-01,322,166.16483333333335,163.37733333333333
1972-02-01,107.20000000000061,188.69896666666676,118.14266666666667
1972-03-01,297.19999999999936,192.74095000000003,150.78533333333337
1972-04-01,123.79999999999956,183.33191666666661,141.1525
1972-05-01,188.40000000000043,170.83075000000002,156.1211666666667
1972-06-01,247.39999999999992,162.94725000000003,179.8295
1972-07-01,-149.89999999999952,117.9116666666667,69.17649999999998
1972-08-01,312.00000000000017,161.10536666666673,142.01766666666666
1972-09-01,73.4999999999992,170.37915,122.48083333333334
1972-10-01,322.800000000001,212.02095000000008,173.3721666666667
1972-11-01,232.89999999999992,227.00326666666663,200.37980000000007
1972-12-01,264.99999999999915,234.8929666666665,199.73246666666665
1973-01-01,293.3000000000004,243.97774999999996,240.21251666666666
1973-02-01,337.6999999999997,245.4377333333333,274.65051666666653
1973-03-01,218.69999999999993,211.76216666666664,267.5942333333332
1973-04-01,80.6999999999997,168.93213333333335,225.6864166666666
1973-05-01,102.30000000000047,139.7436833333334,195.45620000000005
1973-06-01,149.0000000000005,123.84006666666669,187.16598333333343
1973-07-01,7.100000000000136,110.18585,134.52816666666683
1973-08-01,154.49999999999915,110.0487,149.02133333333333
1973-09-01,17.100000000000193,111.02105000000003,109.3949
1973-10-01,242.10000000000036,129.83861666666672,150.02691666666672
1973-11-01,187.29999999999973,126.9875166666667,157.49058333333338
1973-12-01,107.50000000000034,98.77330000000005,140.7651833333335
1974-01-01,-55.80000000000081,56.751833333333295,88.04603333333323
1974-02-01,77.5000000000004,45.660283333333354,76.76275000000003
1974-03-01,-16.99999999999966,28.029866666666706,51.51705000000005
1974-04-01,52.09999999999957,19.885383333333355,44.568883333333254
1974-05-01,90.99999999999977,9.491833333333355,58.64573333333323
1974-06-01,11.500000000000739,-11.62166666666665,44.31660000000006
1974-07-01,-62.50000000000006,-35.790666666666624,13.822549999999985
1974-08-01,-19.80000000000058,-63.09695,3.6949666666665513
1974-09-01,-110.49999999999989,-110.01390000000002,-24.64714999999999
1974-10-01,-80.99999999999926,-177.7203999999999,-48.26828333333321
1974-11-01,-428.70000000000067,-272.2889666666666,-165.57768333333348
1974-12-01,-554.0999999999992,-320.82036666666664,-291.8118499999999
1975-01-01,-417.8000000000005,-321.50646666666665,-336.5661499999999
1975-02-01,-500.6,-320.6427166666667,-381.29901666666666
1975-03-01,-267.4000000000004,-272.8118,-377.38645000000014
1975-04-01,-224.3999999999997,-191.3495833333333,-345.66156666666666
1975-05-01,116.19999999999942,-66.30315000000004,-229.63430000000014
1975-06-01,-15.49999999999983,6.892183333333302,-177.78554999999997
1975-07-01,186.50000000000068,94.3916666666667,-77.85223333333322
1975-08-01,341.89999999999924,168.39946666666668,55.119383333333275
1975-09-01,111.20000000000073,171.34701666666672,73.82986666666675
1975-10-01,195.3,174.0276166666667,104.5361000000001
1975-11-01,72.49999999999955,181.95244999999997,110.12339999999996
1975-12-01,307.29999999999984,218.87688333333332,155.56550000000001
1976-01-01,423.1000000000009,244.48761666666667,234.62365000000025
1976-02-01,249.19999999999936,224.70248333333325,253.56743333333344
1976-03-01,186.10000000000048,184.2021166666666,234.82576666666674
1976-04-01,197.69999999999953,154.07093333333327,233.48235
1976-05-01,-10.700000000000387,116.67883333333327,171.3012666666666
1976-06-01,28.700000000000557,101.33911666666668,134.5732333333335
1976-07-01,140.19999999999953,107.84488333333334,140.02461666666673
1976-08-01,100.90000000000003,116.95918333333336,122.27304999999997
1976-09-01,194.59999999999997,122.74533333333333,144.04626666666664
1976-10-01,-101.29999999999927,98.14973333333337,75.63303333333343
1976-11-01,191.2999999999995,136.52330000000003,91.99143333333335
1976-12-01,185.90000000000055,178.81453333333334,121.10876666666675
1977-01-01,211.1999999999996,201.8620666666667,134.07565000000002
1977-02-01,262.0999999999992,243.9165166666667,177.51188333333323
1977-03-01,373.5000000000014,278.74290000000025,232.64943333333352
1977-04-01,282.09999999999945,277.6590666666668,253.80513333333354
1977-05-01,268.5000000000006,262.7432333333333,254.8890833333335
1977-06-01,252.9000000000001,247.2456,263.0103666666668
1977-07-01,200.09999999999985,229.10564999999997,247.45250000000013
1977-08-01,148.2999999999991,218.96259999999995,224.3674333333333
1977-09-01,315.09999999999945,232.02076666666662,250.42731666666654
1977-10-01,148.80000000000132,225.38303333333332,232.0647166666667
1977-11-01,271.69999999999993,228.4048833333333,232.4785166666667
1977-12-01,189.5000000000001,214.40518333333327,221.17276666666677
1978-01-01,80.90000000000043,199.12439999999998,169.45596666666677
1978-02-01,221.69999999999828,237.40178333333313,170.063483333333
1978-03-01,406.20000000000107,306.6815166666666,242.45599999999993
1978-04-01,535.7,331.96858333333336,341.2997833333334
1978-05-01,228.69999999999902,291.82115000000005,323.70106666666646
1978-06-01,322.1000000000008,272.62733333333335,325.5225499999999
1978-07-01,158.2000000000009,241.21848333333338,283.65020000000027
1978-08-01,204.69999999999885,226.51901666666663,264.7139499999998
1978-09-01,193.60000000000036,214.76226666666662,243.31429999999983
1978-10-01,199.7999999999996,213.91388333333327,230.02434999999983
1978-11-01,355.19999999999953,230.18769999999995,272.7209333333331
1978-12-01,224.00000000000074,212.92336666666668,266.5415833333332
1979-01-01,61.99999999999926,180.20930000000004,206.0459499999998
1979-02-01,180.8000000000012,175.27193333333335,189.1446166666668
1979-03-01,378.1999999999999,184.40648333333337,250.70765000000003
1979-04-01,-151.600000000001,109.78198333333324,133.8981833333331
1979-05-01,301.900000000001,132.6262999999999,178.87091666666672
1979-06-01,212.7,137.32174999999992,190.6032833333333
1979-07-01,-23.600000000000932,89.23078333333322,140.05308333333315
1979-08-01,-41.69999999999959,59.269133333333286,71.77994999999987
1979-09-01,114.59999999999957,60.7827,75.22594999999991
1979-10-01,115.39999999999975,57.2366500000001,83.75284999999984
1979-11-01,30.900000000001,44.45006666666673,64.99145000000009
1979-12-01,86.39999999999861,26.646449999999966,62.113349999999784
1980-01-01,36.20000000000016,10.304950000000012,57.07953333333321
1980-02-01,66.80000000000075,-18.157416666666577,54.38081666666663
1980-03-01,23.000000000000455,-63.966483333333265,35.43690000000009
1980-04-01,-445.89999999999986,-158.7797166666666,-120.97661666666663
1980-05-01,-346.4000000000002,-186.64538333333326,-202.17658333333333
1980-06-01,-302.2999999999997,-177.37744999999998,-242.1568166666666
1980-07-01,-199.00000000000045,-107.14595000000001,-239.0708833333333
1980-08-01,215.29999999999984,27.34344999999998,-124.36513333333342
1980-09-01,166.70000000000073,97.01198333333333,-41.42516666666658
1980-10-01,163.19999999999925,129.76056666666662,13.798133333333292
1980-11-01,209.4000000000001,138.15791666666664,63.75999999999996
1980-12-01,164.6999999999996,130.13163333333335,89.11723333333319
1981-01-01,99.70000000000084,113.09783333333338,96.67425000000001
1981-02-01,25.499999999999886,93.77825000000007,88.29706666666675
1981-03-01,141.79999999999927,92.27373333333333,97.45178333333318
1981-04-01,95.10000000000059,77.01133333333344,89.95931666666674
1981-05-01,3.1999999999993634,60.79175000000003,61.47898333333324
1981-06-01,158.400000000001,65.32721666666676,95.27508333333343
1981-07-01,84.90000000000032,48.33505000000009,99.00230000000018
1981-08-01,-3.300000000000864,14.244933333333325,71.25108333333331
1981-09-01,16.900000000000546,-28.355283333333308,53.53963333333338
1981-10-01,-166.99999999999977,-97.90410000000001,-12.169849999999855
1981-11-01,-248.00000000000114,-153.1984833333334,-88.2366833333337
1981-12-01,-293.7999999999995,-181.94131666666678,-148.70108333333354
1982-01-01,-311.70000000000016,-179.3923833333333,-205.3111666666668
1982-02-01,66.70000000000016,-133.88539999999998,-133.23031666666665
1982-03-01,-133.9999999999999,-138.70105,-135.15891666666664
1982-04-01,-273.7999999999997,-156.05656666666667,-162.3626499999999
1982-05-01,-25.7999999999995,-150.81048333333325,-135.9938333333332
1982-06-01,-252.00000000000023,-166.65661666666674,-166.1140499999999
1982-07-01,-182.30000000000098,-175.2868333333335,-170.38966666666678
1982-08-01,-204.99999999999977,-173.15761666666688,-177.48753333333346
1982-09-01,-134.10000000000002,-168.11176666666682,-168.2356666666668
1982-10-01,-315.49999999999966,-167.09671666666685,-211.38756666666671
1982-11-01,-133.400000000001,-125.99703333333349,-191.78876666666685
1982-12-01,-18.699999999999932,-42.19125000000002,-146.9006666666669
1983-01-01,215.90000000000066,55.61616666666682,-34.082999999999856
1983-02-01,-25.700000000000728,84.01416666666677,-22.46611666666666
1983-03-01,171.00000000000136,133.7832833333335,42.68708333333369
1983-04-01,242.40000000000032,207.03700000000018,99.53021666666712
1983-05-01,243.7999999999994,243.93240000000014,137.78998333333354
1983-06-01,360.8999999999987,282.9577000000001,205.26734999999994
1983-07-01,380.6,266.30296666666675,249.52043333333322
1983-08-01,-367.19999999999993,182.5523833333334,51.30623333333342
1983-09-01,1027.9000000000005,328.47140000000013,367.2305500000001
1983-10-01,250.0000000000008,345.6631833333335,348.780216666667
1983-11-01,288.20000000000005,306.0261166666667,340.24396666666695
1983-12-01,290.1999999999989,299.91724999999997,358.65819999999997
1984-01-01,236.0999999999998,291.26141666666666,289.3152333333332
1984-02-01,418.8000000000002,300.75575,342.4936000000001
1984-03-01,187.4000000000001,273.90236666666664,293.2633333333333
1984-04-01,287.00000000000045,262.4770333333334,304.8403
1984-05-01,210.8000000000003,250.62795000000003,283.95783333333344
1984-06-01,281.9999999999993,244.37463333333332,270.5244333333333
1984-07-01,217.6999999999996,227.35656666666662,264.4454499999999
1984-08-01,139.69999999999993,208.04651666666666,226.70961666666656
1984-09-01,221.70000000000095,204.55436666666665,228.9539333333334
1984-10-01,212.29999999999916,204.99801666666664,223.24796666666657
1984-11-01,245.50000000000057,200.1603,236.2235
1984-12-01,116.80000000000018,172.85711666666677,198.33730000000008
1985-01-01,214.10000000000025,170.71003333333343,197.16171666666685
1985-02-01,97.79999999999905,163.2678166666667,171.40973333333332
1985-03-01,249.60000000000116,168.37320000000014,195.59196666666685
1985-04-01,108.69999999999982,158.92386666666675,172.92505000000017
1985-05-01,194.39999999999918,148.52388333333334,177.52509999999992
1985-06-01,74.50000000000125,128.78641666666667,148.9820166666668
1985-07-01,46.199999999999136,118.21909999999993,122.68571666666656
1985-08-01,182.29999999999916,131.91368333333338,133.54538333333312
1985-09-01,139.5000000000009,138.60246666666671,136.6380166666666
1985-10-01,168.49999999999932,142.29668333333336,145.12193333333326
1985-11-01,153.90000000000032,136.09880000000004,148.92936666666668
1985-12-01,129.20000000000095,122.72710000000004,143.35355
1986-01-01,94.80000000000018,106.40988333333333,128.86033333333353
1986-02-01,65.09999999999877,90.85634999999996,110.16739999999999
1986-03-01,44.39999999999975,85.78263333333328,89.6081999999998
1986-04-01,129.60000000000048,95.09261666666667,99.95331666666664
1986-05-01,80.10000000000093,91.42983333333342,91.9457500000002
1986-06-01,-76.1000000000015,77.71651666666654,39.083166666666486
1986-07-01,269.6000000000008,121.18385000000004,101.62913333333344
1986-08-01,98.99999999999943,128.50648333333336,102.28668333333333
1986-09-01,207.19999999999982,140.4175166666667,142.0014333333333
1986-10-01,97.60000000000139,135.04605000000012,125.41341666666698
1986-11-01,138.39999999999998,134.6777333333334,134.38655000000028
1986-12-01,152.00000000000023,140.7332166666667,134.48348333333362
1987-01-01,114.49999999999898,151.78624999999997,135.8712
1987-02-01,218.79999999999995,172.76261666666667,155.7091166666667
1987-03-01,159.8999999999993,181.57953333333344,164.9900999999999
1987-04-01,244.00000000000125,189.63056666666682,185.10321666666687
1987-05-01,208.29999999999882,185.58965000000003,191.49163333333328
1987-06-01,110.60000000000173,173.88115000000005,174.8380666666669
1987-07-01,239.4999999999992,178.24341666666663,195.78101666666674
1987-08-01,125.3999999999993,174.4263999999999,170.03849999999989
1987-09-01,219.49999999999966,195.08618333333328,191.08098333333314
1987-10-01,282.5000000000018,212.68370000000024,219.71661666666708
1987-11-01,178.89999999999918,208.72388333333336,218.54908333333353
1987-12-01,234.30000000000052,201.92418333333322,223.85755000000015
1988-01-01,-1.2000000000007276,170.96358333333322,154.40485
1988-02-01,377.89999999999975,205.28978333333325,225.88634999999988
1988-03-01,163.3000000000003,204.11741666666663,204.41204999999997
1988-04-01,207.90000000000066,196.74623333333332,214.1185000000001
1988-05-01,143.09999999999968,195.44486666666668,189.62970000000007
1988-06-01,282.0999999999992,202.36218333333335,225.71280000000002
1988-07-01,203.30000000000098,191.70065000000005,215.46590000000015
1988-08-01,54.399999999999295,170.36995000000002,175.64246666666665
1988-09-01,197.40000000000066,179.33700000000007,189.52910000000017
1988-10-01,195.5999999999998,198.38850000000008,184.1610333333334
1988-11-01,224.00000000000023,210.69250000000005,200.36410000000006
1988-12-01,275.20000000000005,214.83735000000007,221.35731666666672
1989-01-01,206.5999999999998,201.66411666666676,219.95371666666665
1989-02-01,171.59999999999934,170.53380000000004,210.33724999999984
1989-03-01,136.60000000000116,137.7553166666667,189.71386666666677
1989-04-01,124.59999999999923,115.04548333333328,167.5616833333332
1989-05-01,69.20000000000084,92.84351666666669,136.98136666666676
1989-06-01,52.69999999999982,76.79860000000001,119.19923333333338
1989-07-01,31.899999999999295,62.271533333333295,93.86591666666656
1989-08-01,-33.499999999999204,59.10769999999995,53.4068333333334
1989-09-01,174.69999999999936,113.57454999999996,94.85029999999985
1989-10-01,97.50000000000045,123.54843333333318,86.88963333333326
1989-11-01,216.39999999999975,142.75466666666654,132.69598333333326
1989-12-01,76.49999999999943,138.2359333333332,115.07261666666643
1990-01-01,230.10000000000093,158.97793333333314,154.50965000000008
1990-02-01,189.8999999999986,132.16588333333306,167.30051666666643
1990-03-01,58.000000000000455,73.79329999999987,150.85951666666654
1990-04-01,-38.89999999999998,13.907800000000009,106.69929999999994
1990-05-01,-91.50000000000045,-19.88399999999997,51.312249999999835
1990-06-01,7.499999999999886,-33.51139999999996,30.79279999999985
1990-07-01,-49.69999999999936,-50.91324999999993,3.0366166666666294
1990-08-01,-58.30000000000007,-67.27313333333328,-8.587566666666664
1990-09-01,-111.99999999999909,-93.46291666666654,-35.945816666666516
1990-10-01,-140.10000000000093,-108.19674999999994,-58.8459
1990-11-01,-159.2999999999994,-117.50144999999992,-92.38568333333322
1990-12-01,-72.20000000000027,-115.7852833333332,-91.35116666666661
1991-01-01,-128.3999999999993,-133.32536666666664,-109.74521666666656
1991-02-01,-300.9000000000012,-158.55070000000012,-162.3203500000004
1991-03-01,-146.19999999999993,-154.02800000000005,-158.05118333333363
1991-04-01,-173.9999999999992,-131.39386666666672,-169.40576666666675
1991-05-01,-70.99999999999989,-94.01931666666673,-147.5416833333334
1991-06-01,13.49999999999909,-52.869483333333356,-104.61113333333347
1991-07-01,-33.39999999999918,-31.14990000000004,-88.94013333333343
1991-08-01,63.30000000000007,-14.121583333333442,-39.41068333333338
1991-09-01,6.699999999998681,-11.753966666666775,-31.621516666666963
1991-10-01,-29.69999999999925,-13.05455000000009,-27.187866666666817
1991-11-01,-79.70000000000061,-18.52938333333339,-37.72563333333353
1991-12-01,47.80000000000041,1.6359000000000354,-14.910783333333358
1992-01-01,31.100000000000023,13.212483333333388,-1.8535666666666906
1992-02-01,-16.599999999998886,25.276783333333437,-3.7430833333331304
1992-03-01,26.699999999999022,41.62938333333342,10.301083333333402
1992-04-01,147.5999999999998,74.49255000000007,49.40601666666666
1992-05-01,107.90000000000123,83.73395000000009,65.21121666666683
1992-06-01,54.899999999999864,81.83946666666674,65.96293333333347
1992-07-01,18.49999999999841,80.87703333333329,58.53803333333308
1992-08-01,74.80000000000143,92.53083333333333,62.21320000000005
1992-09-01,95.29999999999916,112.18323333333338,68.92294999999991
1992-10-01,167.29999999999973,136.3744666666667,95.41489999999995
1992-11-01,149.59999999999968,155.64358333333337,110.9775499999999
1992-12-01,169.60000000000127,169.33300000000014,127.09003333333341
1993-01-01,275.8999999999987,182.8541333333333,167.11464999999964
1993-02-01,256.79999999999995,173.9520833333333,192.41023333333308
1993-03-01,-74.39999999999895,126.50568333333348,115.05389999999997
1993-04-01,222.10000000000048,152.84108333333353,161.06661666666673
1993-05-01,245.79999999999995,177.78755000000007,177.0979833333334
1993-06-01,117.89999999999827,177.1793833333333,162.30258333333308
1993-07-01,189.30000000000064,180.39960000000002,176.28901666666653
1993-08-01,176.9000000000011,189.08608333333342,175.1042666666667
1993-09-01,193.90000000000043,201.1492333333334,181.07168333333348
1993-10-01,245.8999999999985,216.04248333333334,200.16694999999984
1993-11-01,222.40000000000134,221.67233333333343,205.30600000000013
1993-12-01,246.39999999999918,227.55608333333328,219.9706333333332
1994-01-01,197.8000000000004,231.42499999999995,217.93371666666675
1994-02-01,178.59999999999843,239.23999999999978,208.3416666666662
1994-03-01,372.7000000000006,269.56516666666647,260.69694999999973
1994-04-01,293.99999999999943,276.7208499999999,268.4106666666662
1994-05-01,263.70000000000107,276.76338333333325,268.93421666666654
1994-06-01,259.6000000000006,269.7370833333332,273.13601666666665
1994-07-01,298.39999999999884,266.0966666666665,282.5096333333332
1994-08-01,247.2000000000005,256.8445333333332,271.9589666666666
1994-09-01,264.0999999999988,252.6556166666665,270.3499833333331
1994-10-01,187.30000000000052,249.50833333333324,251.94641666666652
1994-11-01,349.9999999999999,254.7040666666666,281.87081666666654
1994-12-01,263.10000000000093,245.40330000000003,277.02616666666677
1995-01-01,236.39999999999986,218.16780000000003,266.01821666666683
1995-02-01,118.09999999999991,183.28680000000003,227.96288333333348
1995-03-01,194.39999999999895,167.50214999999992,219.1819999999998
1995-04-01,135.30000000000064,141.3580166666667,192.3466833333333
1995-05-01,1.7000000000010687,119.06445000000014,129.01548333333352
1995-06-01,180.6999999999989,124.80430000000004,144.5207
1995-07-01,69.90000000000032,131.23863333333338,115.05976666666677
1995-08-01,260.4000000000002,157.28821666666667,151.97240000000002
1995-09-01,192.49999999999977,155.1784166666667,161.7072166666667
1995-10-01,114.29999999999995,141.8289666666667,146.17498333333333
1995-11-01,68.20000000000027,132.12856666666673,130.95766666666677
1995-12-01,151.10000000000025,135.02773333333337,141.20563333333337
1996-01-01,-40.000000000000114,132.42851666666667,83.55641666666673
1996-02-01,357.9999999999999,189.38324999999995,168.4689833333334
1996-03-01,186.6000000000007,199.36453333333333,172.72663333333352
1996-04-01,167.09999999999883,198.30453333333327,168.74851666666657
1996-05-01,275.8999999999999,209.4064,209.43869999999998
1996-06-01,200.5000000000016,206.5781000000001,207.91478333333353
1996-07-01,191.0999999999991,201.77440000000007,207.48131666666674
1996-08-01,214.69999999999982,197.22371666666672,214.56861666666668
1996-09-01,101.89999999999998,184.06920000000002,179.79056666666668
1996-10-01,253.39999999999986,195.28831666666667,201.98964999999995
1996-11-01,178.2999999999996,195.03124999999997,199.08064999999982
1996-12-01,169.40000000000043,194.12743333333339,190.09869999999998
1997-01-01,152.30000000000103,203.9998166666667,178.94290000000012
1997-02-01,284.2999999999998,222.16791666666668,213.78753333333333
1997-03-01,231.49999999999892,225.3212666666665,215.4972166666665
1997-04-01,250.59999999999974,225.6701166666665,227.77421666666646
1997-05-01,245.30000000000035,219.64993333333325,236.92423333333315
1997-06-01,117.09999999999957,194.94781666666663,206.19224999999977
1997-07-01,238.90000000000083,183.0121833333333,216.4482833333333
1997-08-01,-33.79999999999973,156.24818333333332,131.3185000000002
1997-09-01,376.2999999999986,209.86804999999998,214.23383333333314
1997-10-01,215.10000000000127,216.19866666666667,200.5179000000002
1997-11-01,208.1999999999992,209.52166666666668,217.1160166666665
1997-12-01,211.69999999999976,198.05136666666672,216.14931666666658
1998-01-01,168.80000000000143,185.2853333333334,206.51095000000026
1998-02-01,175.1999999999992,174.38003333333344,199.48178333333334
1998-03-01,27.300000000000637,148.9708166666667,144.54180000000028
1998-04-01,221.70000000000016,160.98384999999993,172.25201666666678
1998-05-01,267.59999999999883,173.60304999999977,204.83889999999985
1998-06-01,159.89999999999952,157.0527999999999,183.29176666666646
1998-07-01,6.900000000001114,150.62368333333328,134.00774999999996
1998-08-01,295.5999999999993,178.18793333333323,192.59134999999978
1998-09-01,150.5000000000008,190.29489999999993,174.63455
1998-10-01,156.599999999999,179.85859999999997,167.83696666666646
1998-11-01,181.20000000000113,183.75413333333344,177.30651666666674
1998-12-01,246.19999999999987,191.37745000000007,194.0703833333333
1999-01-01,59.09999999999894,177.27826666666664,150.19816666666628
1999-02-01,331.30000000000086,192.3010500000001,205.82776666666675
1999-03-01,59.40000000000083,175.73186666666683,161.30553333333347
1999-04-01,222.9999999999983,180.355,181.56618333333307
1999-05-01,176.60000000000082,183.6375666666667,181.8908666666667
1999-06-01,180.90000000000026,181.63541666666666,179.7643
1999-07-01,201.60000000000008,184.0768,184.10720000000003
1999-08-01,107.39999999999992,176.69338333333332,165.42678333333336
1999-09-01,156.60000000000053,183.9512833333334,163.07373333333362
1999-10-01,310.69999999999885,209.05281666666662,206.98590000000004
1999-11-01,225.00000000000006,215.6919,212.30405
1999-12-01,231.59999999999957,207.54415000000003,226.62929999999992
2000-01-01,146.5000000000021,182.4207000000002,204.12716666666694
2000-02-01,69.99999999999778,160.3358000000001,170.66208333333304
2000-03-01,261.7000000000012,163.76451666666676,198.0600333333334
2000-04-01,238.59999999999883,157.24043333333333,208.77754999999962
2000-05-01,-125.79999999999819,88.78958333333354,99.26333333333368
2000-06-01,180.19999999999874,95.44083333333346,121.0270666666666
2000-07-01,115.99999999999943,97.18598333333328,111.71648333333326
2000-08-01,26.599999999999852,79.88006666666661,73.28258333333329
2000-09-01,172.60000000000116,87.1002166666666,104.66610000000007
2000-10-01,-7.300000000000068,64.32119999999992,67.63543333333338
2000-11-01,123.40000000000038,52.65089999999993,85.27170000000012
2000-12-01,26.299999999998533,29.255683333333202,64.26728333333317
2001-01-01,0.2000000000006139,-6.141633333333397,44.15360000000004
2001-02-01,-55.50000000000006,-44.123633333333366,16.23226666666663
2001-03-01,-55.10000000000031,-84.9603833333333,1.9247833333331945
2001-04-01,-223.2999999999991,-128.2218166666665,-66.21841666666647
2001-05-01,-111.00000000000051,-140.8385166666666,-76.78781666666669
2001-06-01,-195.0000000000001,-147.7814166666666,-107.62713333333335
2001-07-01,-114.69999999999987,-151.89076666666645,-111.39633333333322
2001-08-01,-145.69999999999948,-167.13759999999974,-126.96021666666651
2001-09-01,-251.40000000000128,-192.7874666666666,-162.352
2001-10-01,-277.7999999999987,-208.2698,-190.9305666666665
2001-11-01,-320.0999999999999,-199.72,-219.8889833333331
2001-12-01,-113.99999999999994,-154.89101666666662,-192.85426666666658
2002-01-01,-3.9000000000003183,-105.77238333333332,-145.14079999999993
2002-02-01,-59.7999999999995,-88.4666000000001,-123.20501666666647
2002-03-01,-37.70000000000118,-92.09051666666674,-103.87436666666669
2002-04-01,-151.19999999999942,-104.3437166666667,-110.36029999999992
2002-05-01,-151.89999999999947,-110.5500833333333,-120.77928333333324
2002-06-01,-96.10000000000025,-102.18955000000008,-110.20070000000001
2002-07-01,-152.2000000000005,-97.61048333333339,-120.08900000000003
2002-08-01,-54.70000000000027,-74.91464999999997,-105.78310000000008
2002-09-01,-14.299999999999613,-55.759099999999876,-75.0753833333333
2002-10-01,78.69999999999999,-37.806816666666585,-33.01888333333332
2002-11-01,-60.999999999998636,-50.3980999999999,-40.245449999999735
2002-12-01,-184.50000000000108,-75.11561666666672,-72.84203333333343
2003-01-01,40.00000000000057,-70.70270000000005,-31.79804999999991
2003-02-01,-118.69999999999993,-88.49233333333346,-53.626466666666566
2003-03-01,-309.4000000000013,-119.37446666666685,-134.61878333333354
2003-04-01,-24.699999999999363,-86.18215000000005,-92.43184999999998
2003-05-01,-13.700000000001182,-53.600633333333334,-72.13495000000023
2003-06-01,-21.89999999999816,-27.44641666666664,-70.6847666666665
2003-07-01,-26.800000000000182,-4.361083333333361,-56.4917333333332
2003-08-01,54.7999999999991,32.655466666666555,-19.572150000000164
2003-09-01,123.30000000000024,61.51183333333322,18.193833333333277
2003-10-01,71.90000000000038,74.91013333333329,32.322849999999995
2003-11-01,61.399999999999295,77.27666666666654,42.242099999999766
2003-12-01,67.50000000000017,84.4589499999999,54.15546666666654
2004-01-01,81.40000000000106,100.13995000000006,60.20715000000015
2004-02-01,52.599999999999454,118.44593333333339,63.18068333333331
2004-03-01,237.69999999999914,166.91156666666674,109.39244999999983
2004-04-01,256.2000000000017,194.0792166666669,152.20853333333355
2004-05-01,287.799999999998,203.11180000000013,187.02913333333314
2004-06-01,169.70000000000198,186.53800000000012,187.9617000000002
2004-07-01,114.39999999999827,168.65639999999993,172.5566833333331
2004-08-01,148.00000000000085,165.06659999999997,171.5620499999999
2004-09-01,171.80000000000018,163.7664166666667,174.0613833333333
2004-10-01,303.9999999999988,172.71473333333336,211.97309999999982
2004-11-01,35.80000000000217,150.8908166666668,161.09785000000025
2004-12-01,155.29999999999808,145.20438333333334,164.04969999999986
2005-01-01,78.10000000000122,145.98173333333327,139.7142833333332
2005-02-01,267.0999999999999,182.8678,177.31748333333334
2005-03-01,142.39999999999986,196.16930000000002,170.3197999999999
2005-04-01,336.50000000000045,217.28276666666667,219.06028333333344
2005-05-01,116.5999999999994,203.8618333333333,192.97821666666664
2005-06-01,287.90000000000026,214.82668333333328,221.47246666666666
2005-07-01,221.99999999999955,213.21813333333333,226.5402333333333
2005-08-01,194.50000000000045,198.31385,219.48901666666666
2005-09-01,95.39999999999935,181.07428333333337,181.3888499999999
2005-10-01,141.10000000000065,188.6797333333334,174.9634333333334
2005-11-01,325.30000000000007,219.0870166666667,210.3574166666667
2005-12-01,163.59999999999985,222.47961666666663,195.60169999999997
2006-01-01,303.1999999999988,233.70564999999985,225.66314999999966
2006-02-01,289.60000000000053,240.28713333333323,246.51588333333314
2006-03-01,283.5000000000013,226.7243666666666,254.5420666666667
2006-04-01,178.09999999999962,195.97414999999984,237.0550833333332
2006-05-01,74.0999999999998,154.8331333333331,190.60076666666654
2006-06-01,85.60000000000002,128.94359999999983,158.4577333333333
2006-07-01,121.09999999999928,117.29243333333322,147.68664999999984
2006-08-01,153.400000000001,111.71663333333323,145.64201666666673
2006-09-01,36.79999999999819,102.92656666666657,112.58269999999982
2006-10-01,58.600000000000875,106.62336666666663,96.92505
2006-11-01,166.69999999999948,126.07818333333326,115.26868333333321
2006-12-01,210.80000000000092,142.68924999999996,135.78215000000012
2007-01-01,194.59999999999877,145.68423333333328,149.74163333333317
2007-02-01,36.20000000000084,122.00469999999997,114.32078333333344
2007-03-01,221.59999999999928,134.04100000000003,153.53021666666658
2007-04-01,77.90000000000208,130.20851666666678,133.61290000000037
2007-05-01,180.29999999999916,128.6793833333334,143.7790833333335
2007-06-01,112.49999999999983,111.46778333333339,134.27111666666679
2007-07-01,86.30000000000018,91.1101166666667,125.61130000000013
2007-08-01,-76.10000000000025,54.78566666666667,66.89048333333345
2007-09-01,117.59999999999974,60.67926666666666,80.18606666666669
2007-10-01,108.89999999999998,69.21435000000002,86.86971666666663
2007-11-01,65.60000000000036,59.54025000000008,82.39246666666682
2007-12-01,101.4999999999992,47.069466666666735,86.75023333333328
2008-01-01,16.500000000000796,4.100266666666788,60.133883333333486
2008-02-01,-93.59999999999945,-45.0605999999999,20.17980000000023
2008-03-01,-43.70000000000016,-86.89528333333331,0.5779500000001149
2008-04-01,-186.1000000000006,-138.26618333333337,-55.70469999999999
2008-05-01,-195.5,-183.18218333333337,-90.76331666666664
2008-06-01,-184.70000000000124,-215.5724666666667,-119.19755000000022
2008-07-01,-182.79999999999956,-238.80115000000004,-138.1443666666668
2008-08-01,-249.39999999999907,-280.3983833333333,-168.11489999999995
2008-09-01,-308.09999999999974,-340.1760833333333,-207.77344999999997
2008-10-01,-402.29999999999967,-403.50749999999994,-255.47583333333333
2008-11-01,-695.4000000000001,-491.8101833333332,-375.0329166666666
2008-12-01,-582.0999999999999,-538.0814166666665,-431.7579666666666
2009-01-01,-725.5000000000013,-556.0665166666665,-511.8541833333335
2009-02-01,-593.1999999999997,-560.9387333333332,-541.2228000000001
2009-03-01,-677.7999999999994,-556.4343833333332,-583.5343166666665
2009-04-01,-690.6999999999991,-523.1985333333332,-614.7872999999996
2009-05-01,-224.70000000000118,-425.27205,-515.0778666666668
2009-06-01,-393.299999999999,-374.7929833333334,-494.5162833333332
2009-07-01,-207.70000000000095,-288.75238333333357,-421.1278500000001
2009-08-01,-163.70000000000118,-224.42040000000017,-349.53130000000033
2009-09-01,-113.79999999999978,-182.66780000000017,-284.3385166666669
2009-10-01,-203.89999999999975,-147.69465000000008,-268.3742833333335
2009-11-01,6.4999999999998295,-104.96523333333332,-199.5216500000002
2009-12-01,-88.8999999999989,-80.29784999999988,-162.1014499999999
2010-01-01,-34.900000000000375,-52.41279999999998,-131.61703333333332
2010-02-01,-67.80000000000092,-17.829300000000003,-114.26751666666688
2010-03-01,131.10000000000082,41.92748333333337,-46.234666666666584
2010-04-01,156.8999999999993,77.98463333333332,10.178249999999906
2010-05-01,59.30000000000024,81.83938333333334,27.04588333333323
2010-06-01,90.70000000000147,85.33075000000007,46.64795000000021
2010-07-01,67.29999999999819,88.42399999999998,55.288599999999896
2010-08-01,110.70000000000016,95.54946666666658,72.65556666666656
2010-09-01,87.8000000000012,105.75718333333336,77.29485000000012
2010-10-01,174.2999999999991,121.36548333333333,108.55529999999986
2010-11-01,133.6000000000002,122.77580000000007,114.5568
2010-12-01,104.60000000000042,118.34116666666674,112.57133333333343
2011-01-01,-23.09999999999951,113.56113333333342,79.20063333333351
2011-02-01,207.29999999999978,144.68845000000002,113.83420000000004
2011-03-01,231.99999999999926,176.89798333333337,145.08106666666654
2011-04-01,265.30000000000155,190.34120000000001,180.578116666667
2011-05-01,148.1999999999984,178.27213333333302,170.88809999999978
2011-06-01,153.40000000000015,175.2236166666665,167.0316999999999
2011-07-01,171.7000000000001,174.33234999999996,175.74841666666663
2011-08-01,137.9999999999992,176.96133333333324,162.87858333333307
2011-09-01,230.00000000000074,190.33429999999998,185.82343333333333
2011-10-01,166.90000000000015,193.09730000000005,184.19983333333332
2011-11-01,193.0999999999994,197.57415000000006,183.72776666666653
2011-12-01,195.0999999999999,208.00403333333335,192.38058333333322
2012-01-01,307.90000000000146,223.11253333333335,224.41391666666678
2012-02-01,271.2999999999987,219.02851666666663,238.43369999999982
2012-03-01,181.90000000000083,191.92629999999997,223.3905333333333
2012-04-01,92.50000000000045,158.16306666666665,189.7080166666668
2012-05-01,136.19999999999987,141.0632,178.30488333333335
2012-06-01,50.299999999999955,122.33781666666661,137.35395
2012-07-01,114.8999999999998,124.36673333333326,124.50429999999994
2012-08-01,150.69999999999953,139.3190666666666,129.18808333333317
2012-09-01,153.4000000000002,144.92173333333332,130.56161666666668
2012-10-01,160.29999999999933,147.40555000000006,133.83178333333325
2012-11-01,118.400000000001,145.60988333333347,130.1276833333336
2012-12-01,194.1999999999992,150.26823333333328,148.85146666666665
2013-01-01,93.99999999999989,148.87374999999986,133.28124999999983
2013-02-01,226.40000000000083,161.15036666666654,162.25056666666674
2013-03-01,133.19999999999953,159.04508333333328,159.15486666666658
2013-04-01,150.00000000000028,158.5251166666667,155.83818333333326
2013-05-01,168.00000000000017,158.42565,160.61299999999994
2013-06-01,155.6999999999993,159.3547,160.87638333333317
2013-07-01,146.8000000000011,161.40885000000006,156.63386666666682
2013-08-01,203.5999999999995,170.1866,169.89518333333334
2013-09-01,149.30000000000047,173.81661666666668,166.3409333333335
2013-10-01,197.69999999999965,175.75293333333326,174.1872666666666
2013-11-01,203.19999999999982,172.26723333333325,184.80996666666672
2013-12-01,76.99999999999983,154.3678666666666,153.1351333333333
2014-01-01,151.2999999999999,156.04396666666665,148.23733333333334
2014-02-01,138.10000000000025,168.48643333333334,147.1224833333334
2014-03-01,250.60000000000014,197.88096666666664,172.62001666666666
2014-04-01,234.19999999999953,209.2334333333332,188.65238333333326
2014-05-01,196.29999999999933,207.0925166666666,193.1069833333331
2014-06-01,212.30000000000013,197.6617999999999,190.72649999999993
2014-07-01,180.6999999999997,189.01764999999995,189.01524999999978
2014-08-01,181.600000000001,183.99998333333335,188.15198333333336
2014-09-01,159.29999999999922,176.87330000000003,176.11868333333317
2014-10-01,142.80000000000098,170.50891666666672,160.9746833333334
2014-11-01,193.69999999999982,177.28530000000003,167.07523333333333
2014-12-01,234.10000000000002,179.74090000000007,183.46725000000004
2015-01-01,111.19999999999965,164.19675000000004,160.49694999999994
2015-02-01,191.8000000000007,162.05634999999998,166.15786666666673
2015-03-01,105.99999999999926,155.5611333333332,149.7038666666665
2015-04-01,128.60000000000127,163.9182833333332,147.08193333333347
2015-05-01,305.1999999999982,182.72801666666638,195.85916666666634
2015-06-01,128.60000000000036,165.59121666666655,173.7681833333332
2015-07-01,102.29999999999978,148.9091666666667,153.25031666666658
2015-08-01,153.49999999999966,151.20673333333343,153.78388333333328
2015-09-01,153.10000000000144,160.9254666666668,158.6576000000002
2015-10-01,204.99999999999926,169.02728333333334,169.38629999999986
2015-11-01,157.50000000000017,169.08685000000006,162.43218333333334
2015-12-01,239.50000000000023,170.6546333333334,183.99460000000002
2016-01-01,63.100000000000534,140.90051666666668,146.02906666666678
2016-02-01,123.89999999999816,133.0493999999999,138.49624999999955
2016-03-01,172.7000000000018,137.24444999999994,146.58676666666676
2016-04-01,87.19999999999891,125.90766666666666,123.70101666666635
2016-05-01,43.80000000000058,118.61188333333337,93.94506666666655
2016-06-01,202.20000000000107,142.18993333333339,125.44400000000007
2016-07-01,228.59999999999985,162.84926666666672,153.1072333333333
2016-08-01,102.70000000000033,159.01923333333332,137.9916666666668
2016-09-01,214.99999999999835,163.4493166666666,157.0569999999998
2016-10-01,118.00000000000023,153.73341666666667,150.73088333333322
2016-11-01,134.30000000000086,155.34721666666672,143.58460000000017
2016-12-01,179.1999999999989,169.22456666666665,153.9753166666665
2017-01-01,220.70000000000056,180.39195,175.32508333333337
2017-02-01,214.09999999999945,175.44303333333332,192.12099999999995
2017-03-01,104.10000000000002,156.21608333333336,162.9284499999999
2017-04-01,162.10000000000127,151.26968333333338,164.17923333333354
2017-05-01,128.59999999999906,145.32218333333333,159.55779999999993
2017-06-01,152.4999999999991,143.71893333333333,156.43273333333318
2017-07-01,154.8000000000015,137.88033333333337,156.89271666666676
2017-08-01,135.60000000000036,128.63795000000007,151.11373333333344
2017-09-01,37.29999999999944,119.14916666666669,117.09693333333337
2017-10-01,180.09999999999872,136.34585000000004,133.47301666666652
2017-11-01,168.40000000000146,140.79676666666685,145.53730000000016
2017-12-01,72.10000000000076,132.05953333333343,118.40028333333359
2018-01-01,67.8999999999989,133.78763333333316,100.15459999999995
2018-02-01,278.1999999999991,170.79821666666646,153.65041666666636
2018-03-01,160.70000000000056,179.6747833333333,158.65436666666656
2018-04-01,135.70000000000073,176.87095000000005,149.93143333333342
2018-05-01,310.6999999999991,189.21046666666672,193.50933333333322
2018-06-01,146.7,171.5351166666667,181.48549999999994
2018-07-01,116.99999999999983,149.70083333333338,161.43498333333332
2018-08-01,162.7000000000009,139.69803333333343,164.86111666666685
2018-09-01,54.900000000000034,122.59318333333341,135.98051666666677
2018-10-01,124.10000000000036,119.50396666666667,132.63381666666686
2018-11-01,105.79999999999905,123.77091666666642,124.69583333333317
2018-12-01,110.1999999999993,118.22568333333318,121.06431666666649
2019-01-01,204.20000000000124,119.44431666666667,143.80496666666673
2019-02-01,-8.800000000000864,96.62691666666674,96.43376666666659
2019-03-01,135.5000000000005,97.49463333333347,101.96706666666672
2019-04-01,132.4000000000002,102.96585000000017,110.25575000000012
2019-05-01,13.699999999999818,91.68133333333348,78.63025000000002
2019-06-01,152.3,90.5044166666668,98.8392333333334
2019-07-01,62.100000000000705,94.29385000000012,85.28273333333358
2019-08-01,121.39999999999856,91.49576666666675,92.82236666666665
2019-09-01,112.29999999999978,89.39595000000007,101.48963333333319
2019-10-01,66.10000000000184,-11.983216666666523,89.89765000000024
2019-11-01,158.69999999999982,-70.53634999999989,111.2627000000001
2019-12-01,82.89999999999998,-357.7129333333334,100.82973333333341
2020-01-01,175.4999999999995,-765.1187666666666,129.1700333333333
2020-02-01,198.40000000000038,-1507.5639333333331,153.30998333333338
2020-03-01,-1386.2000000000003,-3188.0036500000006,-353.0965666666666
2020-04-01,-17775.5,-4735.601416666666,-6059.65145
2020-05-01,2706.3,-1875.7441666666664,-4336.067116666667
2020-06-01,4165.5999999999995,667.6052999999994,-2144.1555166666667
2020-07-01,1343.0000000000011,1092.3404833333325,-1821.8889166666663
2020-08-01,1095.6,1009.1370833333331,-1318.701766666667
2020-09-01,876,903.2406333333332,-880.0769999999999
2020-10-01,693.6999999999989,641.2313833333333,-695.1043000000001
2020-11-01,452.00000000000057,485.5442499999998,-155.4929500000001
2020-12-01,-163.5999999999991,345.5915833333333,-57.91081666666655
2021-01-01,195.49999999999966,298.84298333333334,-150.32799999999995
2021-02-01,452.7999999999996,368.92656666666664,9.231633333333255
2021-03-01,543.0000000000007,428.1362333333334,119.87190000000011
2021-04-01,230.59999999999928,420.08314999999993,132.4017499999999
2021-05-01,322.49999999999983,435.6542166666665,255.04848333333322
2021-06-01,545.1999999999994,475.17774999999995,100.10264999999988
2021-07-01,663.6000000000009,519.6662833333332,333.7750500000001
2021-08-01,465.5999999999989,517.0333999999998,414.3731833333333
2021-09-01,430.0000000000009,508.69966666666664,347.9585
2021-10-01,672.4000000000008,533.0318,448.0257166666669
2021-11-01,568.6999999999994,526.7946166666667,489.9505333333334
2021-12-01,500.50000000000017,500.7934666666666,517.0247
2022-01-01,138.10000000000002,452.30381666666653,421.46703333333346
2022-02-01,853.2999999999996,491.4202499999997,566.3465666666667
2022-03-01,358.4000000000009,422.61261666666655,500.9086833333334
2022-04-01,241.0999999999982,328.04761666666667,407.55746666666636
2022-05-01,74.40000000000111,281.88041666666663,342.0235833333334
2022-06-01,316.0000000000005,290.66435000000007,327.2064333333335
2022-07-01,445.4000000000002,299.05559999999997,342.56595000000016
2022-08-01,204.29999999999978,256.6745333333332,323.38806666666676
2022-09-01,147.0999999999982,227.49654999999973,271.40663333333305
2022-10-01,277.60000000000184,215.57819999999998,276.30211666666673
2022-11-01,195.39999999999873,194.99153333333334,252.4962666666665
2022-12-01,43.2000000000009,165.46686666666673,198.14138333333327
2023-01-01,312.9000000000007,174.42056666666676,227.41351666666665
2023-02-01,153.49999999999943,154.96136666666672,202.9294166666667
2023-03-01,36.00000000000023,119.81090000000012,151.59558333333334
2023-04-01,149.19999999999925,115.72388333333335,154.37838333333332
2023-05-01,97.20000000000056,109.18023333333333,137.94776666666675
2023-06-01,107.2999999999991,105.10413333333327,124.69669999999984
2023-07-01,121.30000000000035,103.68453333333333,124.2338666666665
2023-08-01,71.80000000000001,100.7926500000001,105.22279999999991
2023-09-01,114.00000000000125,101.09771666666677,108.69001666666692
2023-10-01,42.69999999999857,97.62060000000012,93.3336999999999
2023-11-01,138.40000000000032,107.59323333333346,101.90330000000003
2023-12-01,136.90000000000055,120.30176666666696,113.4970333333335
2024-01-01,114.20000000000005,113.3083666666669,107.65215000000018
2024-02-01,125.7000000000009,119.57673333333344,119.32905000000021
2024-03-01,162.49999999999852,120.35386666666666,130.7795166666666
2024-04-01,88.10000000000076,111.2537,121.12548333333338
2024-05-01,129.29999999999944,102.38591666666666,124.19324999999998
2024-06-01,79.29999999999978,94.45466666666663,117.72494999999992
2024-07-01,32.09999999999985,86.90681666666666,95.0997333333332
2024-08-01,75.80000000000018,90.53028333333332,94.08613333333325
2024-09-01,136.69999999999942,94.95726666666668,104.84489999999981
2024-10-01,-6.699999999998681,86.10243333333342,68.80906666666685
2024-11-01,152.3999999999994,118.94903333333335,93.44728333333332
2024-12-01,323.29999999999893,149.07818333333321,167.16438333333306
2025-01-01,37.30000000000126,136.8674499999999,125.63506666666665
2025-02-01,165.6000000000002,138.21504999999996,143.80060000000012
2025-03-01,111.29999999999984,139.99596666666656,143.6052166666666
2025-04-01,134.4999999999996,138.3924999999999,138.3924999999999
