"date","series_id","value","realtime_start","realtime_end"
1939-01-01,"USSERV",543,2025-05-14,2025-05-14
1939-02-01,"USSERV",544,2025-05-14,2025-05-14
1939-03-01,"USSERV",546,2025-05-14,2025-05-14
1939-04-01,"USSERV",546,2025-05-14,2025-05-14
1939-05-01,"USSERV",550,2025-05-14,2025-05-14
1939-06-01,"USSERV",553,2025-05-14,2025-05-14
1939-07-01,"USSERV",555,2025-05-14,2025-05-14
1939-08-01,"USSERV",555,2025-05-14,2025-05-14
1939-09-01,"USSERV",560,2025-05-14,2025-05-14
1939-10-01,"USSERV",557,2025-05-14,2025-05-14
1939-11-01,"USSERV",559,2025-05-14,2025-05-14
1939-12-01,"USSERV",562,2025-05-14,2025-05-14
1940-01-01,"USSERV",564,2025-05-14,2025-05-14
1940-02-01,"USSERV",566,2025-05-14,2025-05-14
1940-03-01,"USSERV",569,2025-05-14,2025-05-14
1940-04-01,"USSERV",572,2025-05-14,2025-05-14
1940-05-01,"USSERV",574,2025-05-14,2025-05-14
1940-06-01,"USSERV",576,2025-05-14,2025-05-14
1940-07-01,"USSERV",578,2025-05-14,2025-05-14
1940-08-01,"USSERV",581,2025-05-14,2025-05-14
1940-09-01,"USSERV",585,2025-05-14,2025-05-14
1940-10-01,"USSERV",588,2025-05-14,2025-05-14
1940-11-01,"USSERV",590,2025-05-14,2025-05-14
1940-12-01,"USSERV",593,2025-05-14,2025-05-14
1941-01-01,"USSERV",596,2025-05-14,2025-05-14
1941-02-01,"USSERV",600,2025-05-14,2025-05-14
1941-03-01,"USSERV",604,2025-05-14,2025-05-14
1941-04-01,"USSERV",609,2025-05-14,2025-05-14
1941-05-01,"USSERV",613,2025-05-14,2025-05-14
1941-06-01,"USSERV",615,2025-05-14,2025-05-14
1941-07-01,"USSERV",619,2025-05-14,2025-05-14
1941-08-01,"USSERV",623,2025-05-14,2025-05-14
1941-09-01,"USSERV",624,2025-05-14,2025-05-14
1941-10-01,"USSERV",627,2025-05-14,2025-05-14
1941-11-01,"USSERV",629,2025-05-14,2025-05-14
1941-12-01,"USSERV",632,2025-05-14,2025-05-14
1942-01-01,"USSERV",634,2025-05-14,2025-05-14
1942-02-01,"USSERV",632,2025-05-14,2025-05-14
1942-03-01,"USSERV",635,2025-05-14,2025-05-14
1942-04-01,"USSERV",637,2025-05-14,2025-05-14
1942-05-01,"USSERV",639,2025-05-14,2025-05-14
1942-06-01,"USSERV",641,2025-05-14,2025-05-14
1942-07-01,"USSERV",644,2025-05-14,2025-05-14
1942-08-01,"USSERV",646,2025-05-14,2025-05-14
1942-09-01,"USSERV",647,2025-05-14,2025-05-14
1942-10-01,"USSERV",647,2025-05-14,2025-05-14
1942-11-01,"USSERV",646,2025-05-14,2025-05-14
1942-12-01,"USSERV",646,2025-05-14,2025-05-14
1943-01-01,"USSERV",648,2025-05-14,2025-05-14
1943-02-01,"USSERV",649,2025-05-14,2025-05-14
1943-03-01,"USSERV",650,2025-05-14,2025-05-14
1943-04-01,"USSERV",650,2025-05-14,2025-05-14
1943-05-01,"USSERV",651,2025-05-14,2025-05-14
1943-06-01,"USSERV",651,2025-05-14,2025-05-14
1943-07-01,"USSERV",651,2025-05-14,2025-05-14
1943-08-01,"USSERV",651,2025-05-14,2025-05-14
1943-09-01,"USSERV",653,2025-05-14,2025-05-14
1943-10-01,"USSERV",654,2025-05-14,2025-05-14
1943-11-01,"USSERV",656,2025-05-14,2025-05-14
1943-12-01,"USSERV",657,2025-05-14,2025-05-14
1944-01-01,"USSERV",654,2025-05-14,2025-05-14
1944-02-01,"USSERV",654,2025-05-14,2025-05-14
1944-03-01,"USSERV",655,2025-05-14,2025-05-14
1944-04-01,"USSERV",653,2025-05-14,2025-05-14
1944-05-01,"USSERV",653,2025-05-14,2025-05-14
1944-06-01,"USSERV",655,2025-05-14,2025-05-14
1944-07-01,"USSERV",653,2025-05-14,2025-05-14
1944-08-01,"USSERV",653,2025-05-14,2025-05-14
1944-09-01,"USSERV",653,2025-05-14,2025-05-14
1944-10-01,"USSERV",652,2025-05-14,2025-05-14
1944-11-01,"USSERV",653,2025-05-14,2025-05-14
1944-12-01,"USSERV",653,2025-05-14,2025-05-14
1945-01-01,"USSERV",652,2025-05-14,2025-05-14
1945-02-01,"USSERV",653,2025-05-14,2025-05-14
1945-03-01,"USSERV",652,2025-05-14,2025-05-14
1945-04-01,"USSERV",652,2025-05-14,2025-05-14
1945-05-01,"USSERV",652,2025-05-14,2025-05-14
1945-06-01,"USSERV",658,2025-05-14,2025-05-14
1945-07-01,"USSERV",662,2025-05-14,2025-05-14
1945-08-01,"USSERV",667,2025-05-14,2025-05-14
1945-09-01,"USSERV",668,2025-05-14,2025-05-14
1945-10-01,"USSERV",677,2025-05-14,2025-05-14
1945-11-01,"USSERV",684,2025-05-14,2025-05-14
1945-12-01,"USSERV",692,2025-05-14,2025-05-14
1946-01-01,"USSERV",705,2025-05-14,2025-05-14
1946-02-01,"USSERV",710,2025-05-14,2025-05-14
1946-03-01,"USSERV",718,2025-05-14,2025-05-14
1946-04-01,"USSERV",726,2025-05-14,2025-05-14
1946-05-01,"USSERV",731,2025-05-14,2025-05-14
1946-06-01,"USSERV",735,2025-05-14,2025-05-14
1946-07-01,"USSERV",738,2025-05-14,2025-05-14
1946-08-01,"USSERV",745,2025-05-14,2025-05-14
1946-09-01,"USSERV",756,2025-05-14,2025-05-14
1946-10-01,"USSERV",756,2025-05-14,2025-05-14
1946-11-01,"USSERV",761,2025-05-14,2025-05-14
1946-12-01,"USSERV",765,2025-05-14,2025-05-14
1947-01-01,"USSERV",775,2025-05-14,2025-05-14
1947-02-01,"USSERV",777,2025-05-14,2025-05-14
1947-03-01,"USSERV",778,2025-05-14,2025-05-14
1947-04-01,"USSERV",781,2025-05-14,2025-05-14
1947-05-01,"USSERV",783,2025-05-14,2025-05-14
1947-06-01,"USSERV",786,2025-05-14,2025-05-14
1947-07-01,"USSERV",789,2025-05-14,2025-05-14
1947-08-01,"USSERV",791,2025-05-14,2025-05-14
1947-09-01,"USSERV",793,2025-05-14,2025-05-14
1947-10-01,"USSERV",797,2025-05-14,2025-05-14
1947-11-01,"USSERV",799,2025-05-14,2025-05-14
1947-12-01,"USSERV",801,2025-05-14,2025-05-14
1948-01-01,"USSERV",802,2025-05-14,2025-05-14
1948-02-01,"USSERV",802,2025-05-14,2025-05-14
1948-03-01,"USSERV",804,2025-05-14,2025-05-14
1948-04-01,"USSERV",809,2025-05-14,2025-05-14
1948-05-01,"USSERV",811,2025-05-14,2025-05-14
1948-06-01,"USSERV",814,2025-05-14,2025-05-14
1948-07-01,"USSERV",815,2025-05-14,2025-05-14
1948-08-01,"USSERV",816,2025-05-14,2025-05-14
1948-09-01,"USSERV",817,2025-05-14,2025-05-14
1948-10-01,"USSERV",816,2025-05-14,2025-05-14
1948-11-01,"USSERV",816,2025-05-14,2025-05-14
1948-12-01,"USSERV",819,2025-05-14,2025-05-14
1949-01-01,"USSERV",815,2025-05-14,2025-05-14
1949-02-01,"USSERV",817,2025-05-14,2025-05-14
1949-03-01,"USSERV",815,2025-05-14,2025-05-14
1949-04-01,"USSERV",818,2025-05-14,2025-05-14
1949-05-01,"USSERV",820,2025-05-14,2025-05-14
1949-06-01,"USSERV",819,2025-05-14,2025-05-14
1949-07-01,"USSERV",821,2025-05-14,2025-05-14
1949-08-01,"USSERV",820,2025-05-14,2025-05-14
1949-09-01,"USSERV",823,2025-05-14,2025-05-14
1949-10-01,"USSERV",824,2025-05-14,2025-05-14
1949-11-01,"USSERV",825,2025-05-14,2025-05-14
1949-12-01,"USSERV",826,2025-05-14,2025-05-14
1950-01-01,"USSERV",824,2025-05-14,2025-05-14
1950-02-01,"USSERV",827,2025-05-14,2025-05-14
1950-03-01,"USSERV",827,2025-05-14,2025-05-14
1950-04-01,"USSERV",833,2025-05-14,2025-05-14
1950-05-01,"USSERV",836,2025-05-14,2025-05-14
1950-06-01,"USSERV",839,2025-05-14,2025-05-14
1950-07-01,"USSERV",841,2025-05-14,2025-05-14
1950-08-01,"USSERV",845,2025-05-14,2025-05-14
1950-09-01,"USSERV",846,2025-05-14,2025-05-14
1950-10-01,"USSERV",848,2025-05-14,2025-05-14
1950-11-01,"USSERV",850,2025-05-14,2025-05-14
1950-12-01,"USSERV",853,2025-05-14,2025-05-14
1951-01-01,"USSERV",857,2025-05-14,2025-05-14
1951-02-01,"USSERV",859,2025-05-14,2025-05-14
1951-03-01,"USSERV",863,2025-05-14,2025-05-14
1951-04-01,"USSERV",864,2025-05-14,2025-05-14
1951-05-01,"USSERV",866,2025-05-14,2025-05-14
1951-06-01,"USSERV",869,2025-05-14,2025-05-14
1951-07-01,"USSERV",871,2025-05-14,2025-05-14
1951-08-01,"USSERV",875,2025-05-14,2025-05-14
1951-09-01,"USSERV",874,2025-05-14,2025-05-14
1951-10-01,"USSERV",876,2025-05-14,2025-05-14
1951-11-01,"USSERV",879,2025-05-14,2025-05-14
1951-12-01,"USSERV",880,2025-05-14,2025-05-14
1952-01-01,"USSERV",884,2025-05-14,2025-05-14
1952-02-01,"USSERV",888,2025-05-14,2025-05-14
1952-03-01,"USSERV",888,2025-05-14,2025-05-14
1952-04-01,"USSERV",889,2025-05-14,2025-05-14
1952-05-01,"USSERV",892,2025-05-14,2025-05-14
1952-06-01,"USSERV",892,2025-05-14,2025-05-14
1952-07-01,"USSERV",893,2025-05-14,2025-05-14
1952-08-01,"USSERV",896,2025-05-14,2025-05-14
1952-09-01,"USSERV",897,2025-05-14,2025-05-14
1952-10-01,"USSERV",898,2025-05-14,2025-05-14
1952-11-01,"USSERV",900,2025-05-14,2025-05-14
1952-12-01,"USSERV",904,2025-05-14,2025-05-14
1953-01-01,"USSERV",902,2025-05-14,2025-05-14
1953-02-01,"USSERV",906,2025-05-14,2025-05-14
1953-03-01,"USSERV",908,2025-05-14,2025-05-14
1953-04-01,"USSERV",911,2025-05-14,2025-05-14
1953-05-01,"USSERV",913,2025-05-14,2025-05-14
1953-06-01,"USSERV",916,2025-05-14,2025-05-14
1953-07-01,"USSERV",917,2025-05-14,2025-05-14
1953-08-01,"USSERV",919,2025-05-14,2025-05-14
1953-09-01,"USSERV",923,2025-05-14,2025-05-14
1953-10-01,"USSERV",923,2025-05-14,2025-05-14
1953-11-01,"USSERV",924,2025-05-14,2025-05-14
1953-12-01,"USSERV",924,2025-05-14,2025-05-14
1954-01-01,"USSERV",923,2025-05-14,2025-05-14
1954-02-01,"USSERV",925,2025-05-14,2025-05-14
1954-03-01,"USSERV",926,2025-05-14,2025-05-14
1954-04-01,"USSERV",928,2025-05-14,2025-05-14
1954-05-01,"USSERV",931,2025-05-14,2025-05-14
1954-06-01,"USSERV",934,2025-05-14,2025-05-14
1954-07-01,"USSERV",938,2025-05-14,2025-05-14
1954-08-01,"USSERV",940,2025-05-14,2025-05-14
1954-09-01,"USSERV",945,2025-05-14,2025-05-14
1954-10-01,"USSERV",944,2025-05-14,2025-05-14
1954-11-01,"USSERV",946,2025-05-14,2025-05-14
1954-12-01,"USSERV",949,2025-05-14,2025-05-14
1955-01-01,"USSERV",953,2025-05-14,2025-05-14
1955-02-01,"USSERV",956,2025-05-14,2025-05-14
1955-03-01,"USSERV",959,2025-05-14,2025-05-14
1955-04-01,"USSERV",965,2025-05-14,2025-05-14
1955-05-01,"USSERV",968,2025-05-14,2025-05-14
1955-06-01,"USSERV",973,2025-05-14,2025-05-14
1955-07-01,"USSERV",980,2025-05-14,2025-05-14
1955-08-01,"USSERV",985,2025-05-14,2025-05-14
1955-09-01,"USSERV",991,2025-05-14,2025-05-14
1955-10-01,"USSERV",997,2025-05-14,2025-05-14
1955-11-01,"USSERV",1002,2025-05-14,2025-05-14
1955-12-01,"USSERV",1006,2025-05-14,2025-05-14
1956-01-01,"USSERV",1009,2025-05-14,2025-05-14
1956-02-01,"USSERV",1014,2025-05-14,2025-05-14
1956-03-01,"USSERV",1017,2025-05-14,2025-05-14
1956-04-01,"USSERV",1017,2025-05-14,2025-05-14
1956-05-01,"USSERV",1017,2025-05-14,2025-05-14
1956-06-01,"USSERV",1017,2025-05-14,2025-05-14
1956-07-01,"USSERV",1012,2025-05-14,2025-05-14
1956-08-01,"USSERV",1014,2025-05-14,2025-05-14
1956-09-01,"USSERV",1018,2025-05-14,2025-05-14
1956-10-01,"USSERV",1023,2025-05-14,2025-05-14
1956-11-01,"USSERV",1027,2025-05-14,2025-05-14
1956-12-01,"USSERV",1030,2025-05-14,2025-05-14
1957-01-01,"USSERV",1035,2025-05-14,2025-05-14
1957-02-01,"USSERV",1041,2025-05-14,2025-05-14
1957-03-01,"USSERV",1042,2025-05-14,2025-05-14
1957-04-01,"USSERV",1044,2025-05-14,2025-05-14
1957-05-01,"USSERV",1049,2025-05-14,2025-05-14
1957-06-01,"USSERV",1051,2025-05-14,2025-05-14
1957-07-01,"USSERV",1053,2025-05-14,2025-05-14
1957-08-01,"USSERV",1054,2025-05-14,2025-05-14
1957-09-01,"USSERV",1057,2025-05-14,2025-05-14
1957-10-01,"USSERV",1057,2025-05-14,2025-05-14
1957-11-01,"USSERV",1057,2025-05-14,2025-05-14
1957-12-01,"USSERV",1056,2025-05-14,2025-05-14
1958-01-01,"USSERV",1052,2025-05-14,2025-05-14
1958-02-01,"USSERV",1050,2025-05-14,2025-05-14
1958-03-01,"USSERV",1050,2025-05-14,2025-05-14
1958-04-01,"USSERV",1050,2025-05-14,2025-05-14
1958-05-01,"USSERV",1051,2025-05-14,2025-05-14
1958-06-01,"USSERV",1052,2025-05-14,2025-05-14
1958-07-01,"USSERV",1055,2025-05-14,2025-05-14
1958-08-01,"USSERV",1060,2025-05-14,2025-05-14
1958-09-01,"USSERV",1063,2025-05-14,2025-05-14
1958-10-01,"USSERV",1067,2025-05-14,2025-05-14
1958-11-01,"USSERV",1068,2025-05-14,2025-05-14
1958-12-01,"USSERV",1075,2025-05-14,2025-05-14
1959-01-01,"USSERV",1085,2025-05-14,2025-05-14
1959-02-01,"USSERV",1090,2025-05-14,2025-05-14
1959-03-01,"USSERV",1094,2025-05-14,2025-05-14
1959-04-01,"USSERV",1100,2025-05-14,2025-05-14
1959-05-01,"USSERV",1104,2025-05-14,2025-05-14
1959-06-01,"USSERV",1107,2025-05-14,2025-05-14
1959-07-01,"USSERV",1108,2025-05-14,2025-05-14
1959-08-01,"USSERV",1110,2025-05-14,2025-05-14
1959-09-01,"USSERV",1115,2025-05-14,2025-05-14
1959-10-01,"USSERV",1119,2025-05-14,2025-05-14
1959-11-01,"USSERV",1124,2025-05-14,2025-05-14
1959-12-01,"USSERV",1130,2025-05-14,2025-05-14
1960-01-01,"USSERV",1135,2025-05-14,2025-05-14
1960-02-01,"USSERV",1140,2025-05-14,2025-05-14
1960-03-01,"USSERV",1140,2025-05-14,2025-05-14
1960-04-01,"USSERV",1145,2025-05-14,2025-05-14
1960-05-01,"USSERV",1148,2025-05-14,2025-05-14
1960-06-01,"USSERV",1152,2025-05-14,2025-05-14
1960-07-01,"USSERV",1156,2025-05-14,2025-05-14
1960-08-01,"USSERV",1157,2025-05-14,2025-05-14
1960-09-01,"USSERV",1156,2025-05-14,2025-05-14
1960-10-01,"USSERV",1161,2025-05-14,2025-05-14
1960-11-01,"USSERV",1164,2025-05-14,2025-05-14
1960-12-01,"USSERV",1165,2025-05-14,2025-05-14
1961-01-01,"USSERV",1168,2025-05-14,2025-05-14
1961-02-01,"USSERV",1170,2025-05-14,2025-05-14
1961-03-01,"USSERV",1174,2025-05-14,2025-05-14
1961-04-01,"USSERV",1176,2025-05-14,2025-05-14
1961-05-01,"USSERV",1177,2025-05-14,2025-05-14
1961-06-01,"USSERV",1183,2025-05-14,2025-05-14
1961-07-01,"USSERV",1188,2025-05-14,2025-05-14
1961-08-01,"USSERV",1193,2025-05-14,2025-05-14
1961-09-01,"USSERV",1199,2025-05-14,2025-05-14
1961-10-01,"USSERV",1203,2025-05-14,2025-05-14
1961-11-01,"USSERV",1208,2025-05-14,2025-05-14
1961-12-01,"USSERV",1214,2025-05-14,2025-05-14
1962-01-01,"USSERV",1218,2025-05-14,2025-05-14
1962-02-01,"USSERV",1223,2025-05-14,2025-05-14
1962-03-01,"USSERV",1228,2025-05-14,2025-05-14
1962-04-01,"USSERV",1233,2025-05-14,2025-05-14
1962-05-01,"USSERV",1238,2025-05-14,2025-05-14
1962-06-01,"USSERV",1243,2025-05-14,2025-05-14
1962-07-01,"USSERV",1247,2025-05-14,2025-05-14
1962-08-01,"USSERV",1251,2025-05-14,2025-05-14
1962-09-01,"USSERV",1255,2025-05-14,2025-05-14
1962-10-01,"USSERV",1257,2025-05-14,2025-05-14
1962-11-01,"USSERV",1260,2025-05-14,2025-05-14
1962-12-01,"USSERV",1263,2025-05-14,2025-05-14
1963-01-01,"USSERV",1265,2025-05-14,2025-05-14
1963-02-01,"USSERV",1268,2025-05-14,2025-05-14
1963-03-01,"USSERV",1273,2025-05-14,2025-05-14
1963-04-01,"USSERV",1277,2025-05-14,2025-05-14
1963-05-01,"USSERV",1280,2025-05-14,2025-05-14
1963-06-01,"USSERV",1285,2025-05-14,2025-05-14
1963-07-01,"USSERV",1289,2025-05-14,2025-05-14
1963-08-01,"USSERV",1294,2025-05-14,2025-05-14
1963-09-01,"USSERV",1299,2025-05-14,2025-05-14
1963-10-01,"USSERV",1307,2025-05-14,2025-05-14
1963-11-01,"USSERV",1309,2025-05-14,2025-05-14
1963-12-01,"USSERV",1313,2025-05-14,2025-05-14
1964-01-01,"USSERV",1320,2025-05-14,2025-05-14
1964-02-01,"USSERV",1326,2025-05-14,2025-05-14
1964-03-01,"USSERV",1327,2025-05-14,2025-05-14
1964-04-01,"USSERV",1334,2025-05-14,2025-05-14
1964-05-01,"USSERV",1340,2025-05-14,2025-05-14
1964-06-01,"USSERV",1344,2025-05-14,2025-05-14
1964-07-01,"USSERV",1351,2025-05-14,2025-05-14
1964-08-01,"USSERV",1354,2025-05-14,2025-05-14
1964-09-01,"USSERV",1361,2025-05-14,2025-05-14
1964-10-01,"USSERV",1364,2025-05-14,2025-05-14
1964-11-01,"USSERV",1366,2025-05-14,2025-05-14
1964-12-01,"USSERV",1369,2025-05-14,2025-05-14
1965-01-01,"USSERV",1374,2025-05-14,2025-05-14
1965-02-01,"USSERV",1380,2025-05-14,2025-05-14
1965-03-01,"USSERV",1384,2025-05-14,2025-05-14
1965-04-01,"USSERV",1391,2025-05-14,2025-05-14
1965-05-01,"USSERV",1397,2025-05-14,2025-05-14
1965-06-01,"USSERV",1401,2025-05-14,2025-05-14
1965-07-01,"USSERV",1409,2025-05-14,2025-05-14
1965-08-01,"USSERV",1412,2025-05-14,2025-05-14
1965-09-01,"USSERV",1417,2025-05-14,2025-05-14
1965-10-01,"USSERV",1422,2025-05-14,2025-05-14
1965-11-01,"USSERV",1427,2025-05-14,2025-05-14
1965-12-01,"USSERV",1434,2025-05-14,2025-05-14
1966-01-01,"USSERV",1440,2025-05-14,2025-05-14
1966-02-01,"USSERV",1446,2025-05-14,2025-05-14
1966-03-01,"USSERV",1452,2025-05-14,2025-05-14
1966-04-01,"USSERV",1458,2025-05-14,2025-05-14
1966-05-01,"USSERV",1464,2025-05-14,2025-05-14
1966-06-01,"USSERV",1472,2025-05-14,2025-05-14
1966-07-01,"USSERV",1479,2025-05-14,2025-05-14
1966-08-01,"USSERV",1485,2025-05-14,2025-05-14
1966-09-01,"USSERV",1490,2025-05-14,2025-05-14
1966-10-01,"USSERV",1497,2025-05-14,2025-05-14
1966-11-01,"USSERV",1503,2025-05-14,2025-05-14
1966-12-01,"USSERV",1510,2025-05-14,2025-05-14
1967-01-01,"USSERV",1518,2025-05-14,2025-05-14
1967-02-01,"USSERV",1524,2025-05-14,2025-05-14
1967-03-01,"USSERV",1532,2025-05-14,2025-05-14
1967-04-01,"USSERV",1540,2025-05-14,2025-05-14
1967-05-01,"USSERV",1547,2025-05-14,2025-05-14
1967-06-01,"USSERV",1554,2025-05-14,2025-05-14
1967-07-01,"USSERV",1562,2025-05-14,2025-05-14
1967-08-01,"USSERV",1569,2025-05-14,2025-05-14
1967-09-01,"USSERV",1577,2025-05-14,2025-05-14
1967-10-01,"USSERV",1582,2025-05-14,2025-05-14
1967-11-01,"USSERV",1593,2025-05-14,2025-05-14
1967-12-01,"USSERV",1599,2025-05-14,2025-05-14
1968-01-01,"USSERV",1603,2025-05-14,2025-05-14
1968-02-01,"USSERV",1610,2025-05-14,2025-05-14
1968-03-01,"USSERV",1613,2025-05-14,2025-05-14
1968-04-01,"USSERV",1617,2025-05-14,2025-05-14
1968-05-01,"USSERV",1624,2025-05-14,2025-05-14
1968-06-01,"USSERV",1633,2025-05-14,2025-05-14
1968-07-01,"USSERV",1640,2025-05-14,2025-05-14
1968-08-01,"USSERV",1648,2025-05-14,2025-05-14
1968-09-01,"USSERV",1650,2025-05-14,2025-05-14
1968-10-01,"USSERV",1662,2025-05-14,2025-05-14
1968-11-01,"USSERV",1674,2025-05-14,2025-05-14
1968-12-01,"USSERV",1682,2025-05-14,2025-05-14
1969-01-01,"USSERV",1691,2025-05-14,2025-05-14
1969-02-01,"USSERV",1698,2025-05-14,2025-05-14
1969-03-01,"USSERV",1709,2025-05-14,2025-05-14
1969-04-01,"USSERV",1716,2025-05-14,2025-05-14
1969-05-01,"USSERV",1722,2025-05-14,2025-05-14
1969-06-01,"USSERV",1728,2025-05-14,2025-05-14
1969-07-01,"USSERV",1736,2025-05-14,2025-05-14
1969-08-01,"USSERV",1742,2025-05-14,2025-05-14
1969-09-01,"USSERV",1744,2025-05-14,2025-05-14
1969-10-01,"USSERV",1756,2025-05-14,2025-05-14
1969-11-01,"USSERV",1759,2025-05-14,2025-05-14
1969-12-01,"USSERV",1765,2025-05-14,2025-05-14
1970-01-01,"USSERV",1771,2025-05-14,2025-05-14
1970-02-01,"USSERV",1778,2025-05-14,2025-05-14
1970-03-01,"USSERV",1781,2025-05-14,2025-05-14
1970-04-01,"USSERV",1785,2025-05-14,2025-05-14
1970-05-01,"USSERV",1789,2025-05-14,2025-05-14
1970-06-01,"USSERV",1787,2025-05-14,2025-05-14
1970-07-01,"USSERV",1785,2025-05-14,2025-05-14
1970-08-01,"USSERV",1781,2025-05-14,2025-05-14
1970-09-01,"USSERV",1795,2025-05-14,2025-05-14
1970-10-01,"USSERV",1801,2025-05-14,2025-05-14
1970-11-01,"USSERV",1804,2025-05-14,2025-05-14
1970-12-01,"USSERV",1806,2025-05-14,2025-05-14
1971-01-01,"USSERV",1810,2025-05-14,2025-05-14
1971-02-01,"USSERV",1809,2025-05-14,2025-05-14
1971-03-01,"USSERV",1814,2025-05-14,2025-05-14
1971-04-01,"USSERV",1816,2025-05-14,2025-05-14
1971-05-01,"USSERV",1820,2025-05-14,2025-05-14
1971-06-01,"USSERV",1825,2025-05-14,2025-05-14
1971-07-01,"USSERV",1828,2025-05-14,2025-05-14
1971-08-01,"USSERV",1826,2025-05-14,2025-05-14
1971-09-01,"USSERV",1836,2025-05-14,2025-05-14
1971-10-01,"USSERV",1840,2025-05-14,2025-05-14
1971-11-01,"USSERV",1845,2025-05-14,2025-05-14
1971-12-01,"USSERV",1851,2025-05-14,2025-05-14
1972-01-01,"USSERV",1856,2025-05-14,2025-05-14
1972-02-01,"USSERV",1862,2025-05-14,2025-05-14
1972-03-01,"USSERV",1869,2025-05-14,2025-05-14
1972-04-01,"USSERV",1878,2025-05-14,2025-05-14
1972-05-01,"USSERV",1889,2025-05-14,2025-05-14
1972-06-01,"USSERV",1909,2025-05-14,2025-05-14
1972-07-01,"USSERV",1907,2025-05-14,2025-05-14
1972-08-01,"USSERV",1914,2025-05-14,2025-05-14
1972-09-01,"USSERV",1914,2025-05-14,2025-05-14
1972-10-01,"USSERV",1926,2025-05-14,2025-05-14
1972-11-01,"USSERV",1934,2025-05-14,2025-05-14
1972-12-01,"USSERV",1944,2025-05-14,2025-05-14
1973-01-01,"USSERV",1955,2025-05-14,2025-05-14
1973-02-01,"USSERV",1964,2025-05-14,2025-05-14
1973-03-01,"USSERV",1970,2025-05-14,2025-05-14
1973-04-01,"USSERV",1975,2025-05-14,2025-05-14
1973-05-01,"USSERV",1977,2025-05-14,2025-05-14
1973-06-01,"USSERV",1981,2025-05-14,2025-05-14
1973-07-01,"USSERV",1977,2025-05-14,2025-05-14
1973-08-01,"USSERV",1994,2025-05-14,2025-05-14
1973-09-01,"USSERV",2010,2025-05-14,2025-05-14
1973-10-01,"USSERV",2015,2025-05-14,2025-05-14
1973-11-01,"USSERV",2026,2025-05-14,2025-05-14
1973-12-01,"USSERV",2032,2025-05-14,2025-05-14
1974-01-01,"USSERV",2038,2025-05-14,2025-05-14
1974-02-01,"USSERV",2047,2025-05-14,2025-05-14
1974-03-01,"USSERV",2054,2025-05-14,2025-05-14
1974-04-01,"USSERV",2056,2025-05-14,2025-05-14
1974-05-01,"USSERV",2071,2025-05-14,2025-05-14
1974-06-01,"USSERV",2079,2025-05-14,2025-05-14
1974-07-01,"USSERV",2088,2025-05-14,2025-05-14
1974-08-01,"USSERV",2091,2025-05-14,2025-05-14
1974-09-01,"USSERV",2095,2025-05-14,2025-05-14
1974-10-01,"USSERV",2102,2025-05-14,2025-05-14
1974-11-01,"USSERV",2105,2025-05-14,2025-05-14
1974-12-01,"USSERV",2107,2025-05-14,2025-05-14
1975-01-01,"USSERV",2109,2025-05-14,2025-05-14
1975-02-01,"USSERV",2115,2025-05-14,2025-05-14
1975-03-01,"USSERV",2118,2025-05-14,2025-05-14
1975-04-01,"USSERV",2121,2025-05-14,2025-05-14
1975-05-01,"USSERV",2132,2025-05-14,2025-05-14
1975-06-01,"USSERV",2128,2025-05-14,2025-05-14
1975-07-01,"USSERV",2150,2025-05-14,2025-05-14
1975-08-01,"USSERV",2162,2025-05-14,2025-05-14
1975-09-01,"USSERV",2161,2025-05-14,2025-05-14
1975-10-01,"USSERV",2169,2025-05-14,2025-05-14
1975-11-01,"USSERV",2175,2025-05-14,2025-05-14
1975-12-01,"USSERV",2184,2025-05-14,2025-05-14
1976-01-01,"USSERV",2197,2025-05-14,2025-05-14
1976-02-01,"USSERV",2205,2025-05-14,2025-05-14
1976-03-01,"USSERV",2217,2025-05-14,2025-05-14
1976-04-01,"USSERV",2226,2025-05-14,2025-05-14
1976-05-01,"USSERV",2234,2025-05-14,2025-05-14
1976-06-01,"USSERV",2242,2025-05-14,2025-05-14
1976-07-01,"USSERV",2253,2025-05-14,2025-05-14
1976-08-01,"USSERV",2256,2025-05-14,2025-05-14
1976-09-01,"USSERV",2261,2025-05-14,2025-05-14
1976-10-01,"USSERV",2268,2025-05-14,2025-05-14
1976-11-01,"USSERV",2278,2025-05-14,2025-05-14
1976-12-01,"USSERV",2287,2025-05-14,2025-05-14
1977-01-01,"USSERV",2297,2025-05-14,2025-05-14
1977-02-01,"USSERV",2305,2025-05-14,2025-05-14
1977-03-01,"USSERV",2316,2025-05-14,2025-05-14
1977-04-01,"USSERV",2326,2025-05-14,2025-05-14
1977-05-01,"USSERV",2336,2025-05-14,2025-05-14
1977-06-01,"USSERV",2348,2025-05-14,2025-05-14
1977-07-01,"USSERV",2362,2025-05-14,2025-05-14
1977-08-01,"USSERV",2375,2025-05-14,2025-05-14
1977-09-01,"USSERV",2392,2025-05-14,2025-05-14
1977-10-01,"USSERV",2405,2025-05-14,2025-05-14
1977-11-01,"USSERV",2418,2025-05-14,2025-05-14
1977-12-01,"USSERV",2428,2025-05-14,2025-05-14
1978-01-01,"USSERV",2428,2025-05-14,2025-05-14
1978-02-01,"USSERV",2442,2025-05-14,2025-05-14
1978-03-01,"USSERV",2458,2025-05-14,2025-05-14
1978-04-01,"USSERV",2476,2025-05-14,2025-05-14
1978-05-01,"USSERV",2489,2025-05-14,2025-05-14
1978-06-01,"USSERV",2502,2025-05-14,2025-05-14
1978-07-01,"USSERV",2516,2025-05-14,2025-05-14
1978-08-01,"USSERV",2532,2025-05-14,2025-05-14
1978-09-01,"USSERV",2538,2025-05-14,2025-05-14
1978-10-01,"USSERV",2543,2025-05-14,2025-05-14
1978-11-01,"USSERV",2559,2025-05-14,2025-05-14
1978-12-01,"USSERV",2571,2025-05-14,2025-05-14
1979-01-01,"USSERV",2574,2025-05-14,2025-05-14
1979-02-01,"USSERV",2590,2025-05-14,2025-05-14
1979-03-01,"USSERV",2604,2025-05-14,2025-05-14
1979-04-01,"USSERV",2612,2025-05-14,2025-05-14
1979-05-01,"USSERV",2626,2025-05-14,2025-05-14
1979-06-01,"USSERV",2638,2025-05-14,2025-05-14
1979-07-01,"USSERV",2643,2025-05-14,2025-05-14
1979-08-01,"USSERV",2654,2025-05-14,2025-05-14
1979-09-01,"USSERV",2661,2025-05-14,2025-05-14
1979-10-01,"USSERV",2672,2025-05-14,2025-05-14
1979-11-01,"USSERV",2680,2025-05-14,2025-05-14
1979-12-01,"USSERV",2690,2025-05-14,2025-05-14
1980-01-01,"USSERV",2704,2025-05-14,2025-05-14
1980-02-01,"USSERV",2716,2025-05-14,2025-05-14
1980-03-01,"USSERV",2727,2025-05-14,2025-05-14
1980-04-01,"USSERV",2733,2025-05-14,2025-05-14
1980-05-01,"USSERV",2739,2025-05-14,2025-05-14
1980-06-01,"USSERV",2744,2025-05-14,2025-05-14
1980-07-01,"USSERV",2755,2025-05-14,2025-05-14
1980-08-01,"USSERV",2765,2025-05-14,2025-05-14
1980-09-01,"USSERV",2777,2025-05-14,2025-05-14
1980-10-01,"USSERV",2786,2025-05-14,2025-05-14
1980-11-01,"USSERV",2799,2025-05-14,2025-05-14
1980-12-01,"USSERV",2812,2025-05-14,2025-05-14
1981-01-01,"USSERV",2823,2025-05-14,2025-05-14
1981-02-01,"USSERV",2830,2025-05-14,2025-05-14
1981-03-01,"USSERV",2834,2025-05-14,2025-05-14
1981-04-01,"USSERV",2845,2025-05-14,2025-05-14
1981-05-01,"USSERV",2852,2025-05-14,2025-05-14
1981-06-01,"USSERV",2860,2025-05-14,2025-05-14
1981-07-01,"USSERV",2867,2025-05-14,2025-05-14
1981-08-01,"USSERV",2875,2025-05-14,2025-05-14
1981-09-01,"USSERV",2885,2025-05-14,2025-05-14
1981-10-01,"USSERV",2895,2025-05-14,2025-05-14
1981-11-01,"USSERV",2900,2025-05-14,2025-05-14
1981-12-01,"USSERV",2904,2025-05-14,2025-05-14
1982-01-01,"USSERV",2911,2025-05-14,2025-05-14
1982-02-01,"USSERV",2914,2025-05-14,2025-05-14
1982-03-01,"USSERV",2916,2025-05-14,2025-05-14
1982-04-01,"USSERV",2915,2025-05-14,2025-05-14
1982-05-01,"USSERV",2920,2025-05-14,2025-05-14
1982-06-01,"USSERV",2922,2025-05-14,2025-05-14
1982-07-01,"USSERV",2926,2025-05-14,2025-05-14
1982-08-01,"USSERV",2927,2025-05-14,2025-05-14
1982-09-01,"USSERV",2928,2025-05-14,2025-05-14
1982-10-01,"USSERV",2931,2025-05-14,2025-05-14
1982-11-01,"USSERV",2938,2025-05-14,2025-05-14
1982-12-01,"USSERV",2942,2025-05-14,2025-05-14
1983-01-01,"USSERV",2950,2025-05-14,2025-05-14
1983-02-01,"USSERV",2952,2025-05-14,2025-05-14
1983-03-01,"USSERV",2970,2025-05-14,2025-05-14
1983-04-01,"USSERV",2986,2025-05-14,2025-05-14
1983-05-01,"USSERV",2997,2025-05-14,2025-05-14
1983-06-01,"USSERV",3015,2025-05-14,2025-05-14
1983-07-01,"USSERV",3032,2025-05-14,2025-05-14
1983-08-01,"USSERV",3045,2025-05-14,2025-05-14
1983-09-01,"USSERV",3061,2025-05-14,2025-05-14
1983-10-01,"USSERV",3069,2025-05-14,2025-05-14
1983-11-01,"USSERV",3080,2025-05-14,2025-05-14
1983-12-01,"USSERV",3095,2025-05-14,2025-05-14
1984-01-01,"USSERV",3106,2025-05-14,2025-05-14
1984-02-01,"USSERV",3123,2025-05-14,2025-05-14
1984-03-01,"USSERV",3137,2025-05-14,2025-05-14
1984-04-01,"USSERV",3152,2025-05-14,2025-05-14
1984-05-01,"USSERV",3168,2025-05-14,2025-05-14
1984-06-01,"USSERV",3182,2025-05-14,2025-05-14
1984-07-01,"USSERV",3191,2025-05-14,2025-05-14
1984-08-01,"USSERV",3199,2025-05-14,2025-05-14
1984-09-01,"USSERV",3222,2025-05-14,2025-05-14
1984-10-01,"USSERV",3237,2025-05-14,2025-05-14
1984-11-01,"USSERV",3252,2025-05-14,2025-05-14
1984-12-01,"USSERV",3264,2025-05-14,2025-05-14
1985-01-01,"USSERV",3284,2025-05-14,2025-05-14
1985-02-01,"USSERV",3298,2025-05-14,2025-05-14
1985-03-01,"USSERV",3315,2025-05-14,2025-05-14
1985-04-01,"USSERV",3327,2025-05-14,2025-05-14
1985-05-01,"USSERV",3345,2025-05-14,2025-05-14
1985-06-01,"USSERV",3355,2025-05-14,2025-05-14
1985-07-01,"USSERV",3365,2025-05-14,2025-05-14
1985-08-01,"USSERV",3386,2025-05-14,2025-05-14
1985-09-01,"USSERV",3404,2025-05-14,2025-05-14
1985-10-01,"USSERV",3420,2025-05-14,2025-05-14
1985-11-01,"USSERV",3438,2025-05-14,2025-05-14
1985-12-01,"USSERV",3450,2025-05-14,2025-05-14
1986-01-01,"USSERV",3457,2025-05-14,2025-05-14
1986-02-01,"USSERV",3467,2025-05-14,2025-05-14
1986-03-01,"USSERV",3479,2025-05-14,2025-05-14
1986-04-01,"USSERV",3493,2025-05-14,2025-05-14
1986-05-01,"USSERV",3504,2025-05-14,2025-05-14
1986-06-01,"USSERV",3514,2025-05-14,2025-05-14
1986-07-01,"USSERV",3527,2025-05-14,2025-05-14
1986-08-01,"USSERV",3540,2025-05-14,2025-05-14
1986-09-01,"USSERV",3554,2025-05-14,2025-05-14
1986-10-01,"USSERV",3569,2025-05-14,2025-05-14
1986-11-01,"USSERV",3581,2025-05-14,2025-05-14
1986-12-01,"USSERV",3595,2025-05-14,2025-05-14
1987-01-01,"USSERV",3613,2025-05-14,2025-05-14
1987-02-01,"USSERV",3625,2025-05-14,2025-05-14
1987-03-01,"USSERV",3642,2025-05-14,2025-05-14
1987-04-01,"USSERV",3660,2025-05-14,2025-05-14
1987-05-01,"USSERV",3679,2025-05-14,2025-05-14
1987-06-01,"USSERV",3689,2025-05-14,2025-05-14
1987-07-01,"USSERV",3708,2025-05-14,2025-05-14
1987-08-01,"USSERV",3727,2025-05-14,2025-05-14
1987-09-01,"USSERV",3738,2025-05-14,2025-05-14
1987-10-01,"USSERV",3754,2025-05-14,2025-05-14
1987-11-01,"USSERV",3765,2025-05-14,2025-05-14
1987-12-01,"USSERV",3782,2025-05-14,2025-05-14
1988-01-01,"USSERV",3800,2025-05-14,2025-05-14
1988-02-01,"USSERV",3822,2025-05-14,2025-05-14
1988-03-01,"USSERV",3839,2025-05-14,2025-05-14
1988-04-01,"USSERV",3857,2025-05-14,2025-05-14
1988-05-01,"USSERV",3872,2025-05-14,2025-05-14
1988-06-01,"USSERV",3898,2025-05-14,2025-05-14
1988-07-01,"USSERV",3912,2025-05-14,2025-05-14
1988-08-01,"USSERV",3937,2025-05-14,2025-05-14
1988-09-01,"USSERV",3962,2025-05-14,2025-05-14
1988-10-01,"USSERV",3978,2025-05-14,2025-05-14
1988-11-01,"USSERV",3996,2025-05-14,2025-05-14
1988-12-01,"USSERV",4014,2025-05-14,2025-05-14
1989-01-01,"USSERV",4026,2025-05-14,2025-05-14
1989-02-01,"USSERV",4050,2025-05-14,2025-05-14
1989-03-01,"USSERV",4070,2025-05-14,2025-05-14
1989-04-01,"USSERV",4088,2025-05-14,2025-05-14
1989-05-01,"USSERV",4096,2025-05-14,2025-05-14
1989-06-01,"USSERV",4112,2025-05-14,2025-05-14
1989-07-01,"USSERV",4108,2025-05-14,2025-05-14
1989-08-01,"USSERV",4135,2025-05-14,2025-05-14
1989-09-01,"USSERV",4163,2025-05-14,2025-05-14
1989-10-01,"USSERV",4169,2025-05-14,2025-05-14
1989-11-01,"USSERV",4185,2025-05-14,2025-05-14
1989-12-01,"USSERV",4191,2025-05-14,2025-05-14
1990-01-01,"USSERV",4221,2025-05-14,2025-05-14
1990-02-01,"USSERV",4237,2025-05-14,2025-05-14
1990-03-01,"USSERV",4254,2025-05-14,2025-05-14
1990-04-01,"USSERV",4256,2025-05-14,2025-05-14
1990-05-01,"USSERV",4266,2025-05-14,2025-05-14
1990-06-01,"USSERV",4266,2025-05-14,2025-05-14
1990-07-01,"USSERV",4266,2025-05-14,2025-05-14
1990-08-01,"USSERV",4269,2025-05-14,2025-05-14
1990-09-01,"USSERV",4268,2025-05-14,2025-05-14
1990-10-01,"USSERV",4275,2025-05-14,2025-05-14
1990-11-01,"USSERV",4273,2025-05-14,2025-05-14
1990-12-01,"USSERV",4277,2025-05-14,2025-05-14
1991-01-01,"USSERV",4275,2025-05-14,2025-05-14
1991-02-01,"USSERV",4269,2025-05-14,2025-05-14
1991-03-01,"USSERV",4261,2025-05-14,2025-05-14
1991-04-01,"USSERV",4252,2025-05-14,2025-05-14
1991-05-01,"USSERV",4250,2025-05-14,2025-05-14
1991-06-01,"USSERV",4247,2025-05-14,2025-05-14
1991-07-01,"USSERV",4239,2025-05-14,2025-05-14
1991-08-01,"USSERV",4242,2025-05-14,2025-05-14
1991-09-01,"USSERV",4244,2025-05-14,2025-05-14
1991-10-01,"USSERV",4244,2025-05-14,2025-05-14
1991-11-01,"USSERV",4237,2025-05-14,2025-05-14
1991-12-01,"USSERV",4228,2025-05-14,2025-05-14
1992-01-01,"USSERV",4227,2025-05-14,2025-05-14
1992-02-01,"USSERV",4210,2025-05-14,2025-05-14
1992-03-01,"USSERV",4206,2025-05-14,2025-05-14
1992-04-01,"USSERV",4219,2025-05-14,2025-05-14
1992-05-01,"USSERV",4223,2025-05-14,2025-05-14
1992-06-01,"USSERV",4223,2025-05-14,2025-05-14
1992-07-01,"USSERV",4236,2025-05-14,2025-05-14
1992-08-01,"USSERV",4243,2025-05-14,2025-05-14
1992-09-01,"USSERV",4252,2025-05-14,2025-05-14
1992-10-01,"USSERV",4268,2025-05-14,2025-05-14
1992-11-01,"USSERV",4279,2025-05-14,2025-05-14
1992-12-01,"USSERV",4289,2025-05-14,2025-05-14
1993-01-01,"USSERV",4312,2025-05-14,2025-05-14
1993-02-01,"USSERV",4332,2025-05-14,2025-05-14
1993-03-01,"USSERV",4339,2025-05-14,2025-05-14
1993-04-01,"USSERV",4350,2025-05-14,2025-05-14
1993-05-01,"USSERV",4349,2025-05-14,2025-05-14
1993-06-01,"USSERV",4362,2025-05-14,2025-05-14
1993-07-01,"USSERV",4361,2025-05-14,2025-05-14
1993-08-01,"USSERV",4360,2025-05-14,2025-05-14
1993-09-01,"USSERV",4360,2025-05-14,2025-05-14
1993-10-01,"USSERV",4357,2025-05-14,2025-05-14
1993-11-01,"USSERV",4362,2025-05-14,2025-05-14
1993-12-01,"USSERV",4363,2025-05-14,2025-05-14
1994-01-01,"USSERV",4366,2025-05-14,2025-05-14
1994-02-01,"USSERV",4361,2025-05-14,2025-05-14
1994-03-01,"USSERV",4377,2025-05-14,2025-05-14
1994-04-01,"USSERV",4390,2025-05-14,2025-05-14
1994-05-01,"USSERV",4401,2025-05-14,2025-05-14
1994-06-01,"USSERV",4415,2025-05-14,2025-05-14
1994-07-01,"USSERV",4429,2025-05-14,2025-05-14
1994-08-01,"USSERV",4443,2025-05-14,2025-05-14
1994-09-01,"USSERV",4472,2025-05-14,2025-05-14
1994-10-01,"USSERV",4486,2025-05-14,2025-05-14
1994-11-01,"USSERV",4499,2025-05-14,2025-05-14
1994-12-01,"USSERV",4508,2025-05-14,2025-05-14
1995-01-01,"USSERV",4525,2025-05-14,2025-05-14
1995-02-01,"USSERV",4536,2025-05-14,2025-05-14
1995-03-01,"USSERV",4547,2025-05-14,2025-05-14
1995-04-01,"USSERV",4550,2025-05-14,2025-05-14
1995-05-01,"USSERV",4556,2025-05-14,2025-05-14
1995-06-01,"USSERV",4565,2025-05-14,2025-05-14
1995-07-01,"USSERV",4573,2025-05-14,2025-05-14
1995-08-01,"USSERV",4591,2025-05-14,2025-05-14
1995-09-01,"USSERV",4592,2025-05-14,2025-05-14
1995-10-01,"USSERV",4596,2025-05-14,2025-05-14
1995-11-01,"USSERV",4608,2025-05-14,2025-05-14
1995-12-01,"USSERV",4626,2025-05-14,2025-05-14
1996-01-01,"USSERV",4625,2025-05-14,2025-05-14
1996-02-01,"USSERV",4645,2025-05-14,2025-05-14
1996-03-01,"USSERV",4655,2025-05-14,2025-05-14
1996-04-01,"USSERV",4665,2025-05-14,2025-05-14
1996-05-01,"USSERV",4680,2025-05-14,2025-05-14
1996-06-01,"USSERV",4689,2025-05-14,2025-05-14
1996-07-01,"USSERV",4700,2025-05-14,2025-05-14
1996-08-01,"USSERV",4713,2025-05-14,2025-05-14
1996-09-01,"USSERV",4714,2025-05-14,2025-05-14
1996-10-01,"USSERV",4727,2025-05-14,2025-05-14
1996-11-01,"USSERV",4732,2025-05-14,2025-05-14
1996-12-01,"USSERV",4743,2025-05-14,2025-05-14
1997-01-01,"USSERV",4753,2025-05-14,2025-05-14
1997-02-01,"USSERV",4763,2025-05-14,2025-05-14
1997-03-01,"USSERV",4776,2025-05-14,2025-05-14
1997-04-01,"USSERV",4794,2025-05-14,2025-05-14
1997-05-01,"USSERV",4809,2025-05-14,2025-05-14
1997-06-01,"USSERV",4812,2025-05-14,2025-05-14
1997-07-01,"USSERV",4840,2025-05-14,2025-05-14
1997-08-01,"USSERV",4844,2025-05-14,2025-05-14
1997-09-01,"USSERV",4857,2025-05-14,2025-05-14
1997-10-01,"USSERV",4871,2025-05-14,2025-05-14
1997-11-01,"USSERV",4879,2025-05-14,2025-05-14
1997-12-01,"USSERV",4898,2025-05-14,2025-05-14
1998-01-01,"USSERV",4914,2025-05-14,2025-05-14
1998-02-01,"USSERV",4923,2025-05-14,2025-05-14
1998-03-01,"USSERV",4938,2025-05-14,2025-05-14
1998-04-01,"USSERV",4949,2025-05-14,2025-05-14
1998-05-01,"USSERV",4963,2025-05-14,2025-05-14
1998-06-01,"USSERV",4974,2025-05-14,2025-05-14
1998-07-01,"USSERV",4989,2025-05-14,2025-05-14
1998-08-01,"USSERV",4995,2025-05-14,2025-05-14
1998-09-01,"USSERV",5000,2025-05-14,2025-05-14
1998-10-01,"USSERV",5013,2025-05-14,2025-05-14
1998-11-01,"USSERV",5021,2025-05-14,2025-05-14
1998-12-01,"USSERV",5029,2025-05-14,2025-05-14
1999-01-01,"USSERV",5039,2025-05-14,2025-05-14
1999-02-01,"USSERV",5051,2025-05-14,2025-05-14
1999-03-01,"USSERV",5057,2025-05-14,2025-05-14
1999-04-01,"USSERV",5066,2025-05-14,2025-05-14
1999-05-01,"USSERV",5069,2025-05-14,2025-05-14
1999-06-01,"USSERV",5084,2025-05-14,2025-05-14
1999-07-01,"USSERV",5095,2025-05-14,2025-05-14
1999-08-01,"USSERV",5097,2025-05-14,2025-05-14
1999-09-01,"USSERV",5104,2025-05-14,2025-05-14
1999-10-01,"USSERV",5117,2025-05-14,2025-05-14
1999-11-01,"USSERV",5126,2025-05-14,2025-05-14
1999-12-01,"USSERV",5138,2025-05-14,2025-05-14
2000-01-01,"USSERV",5146,2025-05-14,2025-05-14
2000-02-01,"USSERV",5153,2025-05-14,2025-05-14
2000-03-01,"USSERV",5161,2025-05-14,2025-05-14
2000-04-01,"USSERV",5159,2025-05-14,2025-05-14
2000-05-01,"USSERV",5154,2025-05-14,2025-05-14
2000-06-01,"USSERV",5157,2025-05-14,2025-05-14
2000-07-01,"USSERV",5163,2025-05-14,2025-05-14
2000-08-01,"USSERV",5168,2025-05-14,2025-05-14
2000-09-01,"USSERV",5182,2025-05-14,2025-05-14
2000-10-01,"USSERV",5188,2025-05-14,2025-05-14
2000-11-01,"USSERV",5190,2025-05-14,2025-05-14
2000-12-01,"USSERV",5196,2025-05-14,2025-05-14
2001-01-01,"USSERV",5203,2025-05-14,2025-05-14
2001-02-01,"USSERV",5199,2025-05-14,2025-05-14
2001-03-01,"USSERV",5201,2025-05-14,2025-05-14
2001-04-01,"USSERV",5219,2025-05-14,2025-05-14
2001-05-01,"USSERV",5239,2025-05-14,2025-05-14
2001-06-01,"USSERV",5247,2025-05-14,2025-05-14
2001-07-01,"USSERV",5269,2025-05-14,2025-05-14
2001-08-01,"USSERV",5280,2025-05-14,2025-05-14
2001-09-01,"USSERV",5293,2025-05-14,2025-05-14
2001-10-01,"USSERV",5299,2025-05-14,2025-05-14
2001-11-01,"USSERV",5314,2025-05-14,2025-05-14
2001-12-01,"USSERV",5334,2025-05-14,2025-05-14
2002-01-01,"USSERV",5344,2025-05-14,2025-05-14
2002-02-01,"USSERV",5355,2025-05-14,2025-05-14
2002-03-01,"USSERV",5362,2025-05-14,2025-05-14
2002-04-01,"USSERV",5366,2025-05-14,2025-05-14
2002-05-01,"USSERV",5368,2025-05-14,2025-05-14
2002-06-01,"USSERV",5365,2025-05-14,2025-05-14
2002-07-01,"USSERV",5360,2025-05-14,2025-05-14
2002-08-01,"USSERV",5369,2025-05-14,2025-05-14
2002-09-01,"USSERV",5383,2025-05-14,2025-05-14
2002-10-01,"USSERV",5391,2025-05-14,2025-05-14
2002-11-01,"USSERV",5407,2025-05-14,2025-05-14
2002-12-01,"USSERV",5398,2025-05-14,2025-05-14
2003-01-01,"USSERV",5400,2025-05-14,2025-05-14
2003-02-01,"USSERV",5405,2025-05-14,2025-05-14
2003-03-01,"USSERV",5398,2025-05-14,2025-05-14
2003-04-01,"USSERV",5397,2025-05-14,2025-05-14
2003-05-01,"USSERV",5398,2025-05-14,2025-05-14
2003-06-01,"USSERV",5397,2025-05-14,2025-05-14
2003-07-01,"USSERV",5399,2025-05-14,2025-05-14
2003-08-01,"USSERV",5399,2025-05-14,2025-05-14
2003-09-01,"USSERV",5403,2025-05-14,2025-05-14
2003-10-01,"USSERV",5402,2025-05-14,2025-05-14
2003-11-01,"USSERV",5404,2025-05-14,2025-05-14
2003-12-01,"USSERV",5403,2025-05-14,2025-05-14
2004-01-01,"USSERV",5405,2025-05-14,2025-05-14
2004-02-01,"USSERV",5405,2025-05-14,2025-05-14
2004-03-01,"USSERV",5418,2025-05-14,2025-05-14
2004-04-01,"USSERV",5419,2025-05-14,2025-05-14
2004-05-01,"USSERV",5419,2025-05-14,2025-05-14
2004-06-01,"USSERV",5420,2025-05-14,2025-05-14
2004-07-01,"USSERV",5414,2025-05-14,2025-05-14
2004-08-01,"USSERV",5410,2025-05-14,2025-05-14
2004-09-01,"USSERV",5405,2025-05-14,2025-05-14
2004-10-01,"USSERV",5397,2025-05-14,2025-05-14
2004-11-01,"USSERV",5400,2025-05-14,2025-05-14
2004-12-01,"USSERV",5400,2025-05-14,2025-05-14
2005-01-01,"USSERV",5398,2025-05-14,2025-05-14
2005-02-01,"USSERV",5393,2025-05-14,2025-05-14
2005-03-01,"USSERV",5386,2025-05-14,2025-05-14
2005-04-01,"USSERV",5392,2025-05-14,2025-05-14
2005-05-01,"USSERV",5384,2025-05-14,2025-05-14
2005-06-01,"USSERV",5397,2025-05-14,2025-05-14
2005-07-01,"USSERV",5403,2025-05-14,2025-05-14
2005-08-01,"USSERV",5399,2025-05-14,2025-05-14
2005-09-01,"USSERV",5397,2025-05-14,2025-05-14
2005-10-01,"USSERV",5386,2025-05-14,2025-05-14
2005-11-01,"USSERV",5394,2025-05-14,2025-05-14
2005-12-01,"USSERV",5409,2025-05-14,2025-05-14
2006-01-01,"USSERV",5424,2025-05-14,2025-05-14
2006-02-01,"USSERV",5425,2025-05-14,2025-05-14
2006-03-01,"USSERV",5426,2025-05-14,2025-05-14
2006-04-01,"USSERV",5426,2025-05-14,2025-05-14
2006-05-01,"USSERV",5435,2025-05-14,2025-05-14
2006-06-01,"USSERV",5433,2025-05-14,2025-05-14
2006-07-01,"USSERV",5428,2025-05-14,2025-05-14
2006-08-01,"USSERV",5432,2025-05-14,2025-05-14
2006-09-01,"USSERV",5447,2025-05-14,2025-05-14
2006-10-01,"USSERV",5454,2025-05-14,2025-05-14
2006-11-01,"USSERV",5457,2025-05-14,2025-05-14
2006-12-01,"USSERV",5466,2025-05-14,2025-05-14
2007-01-01,"USSERV",5466,2025-05-14,2025-05-14
2007-02-01,"USSERV",5474,2025-05-14,2025-05-14
2007-03-01,"USSERV",5485,2025-05-14,2025-05-14
2007-04-01,"USSERV",5491,2025-05-14,2025-05-14
2007-05-01,"USSERV",5498,2025-05-14,2025-05-14
2007-06-01,"USSERV",5501,2025-05-14,2025-05-14
2007-07-01,"USSERV",5500,2025-05-14,2025-05-14
2007-08-01,"USSERV",5496,2025-05-14,2025-05-14
2007-09-01,"USSERV",5493,2025-05-14,2025-05-14
2007-10-01,"USSERV",5494,2025-05-14,2025-05-14
2007-11-01,"USSERV",5507,2025-05-14,2025-05-14
2007-12-01,"USSERV",5515,2025-05-14,2025-05-14
2008-01-01,"USSERV",5520,2025-05-14,2025-05-14
2008-02-01,"USSERV",5532,2025-05-14,2025-05-14
2008-03-01,"USSERV",5539,2025-05-14,2025-05-14
2008-04-01,"USSERV",5540,2025-05-14,2025-05-14
2008-05-01,"USSERV",5532,2025-05-14,2025-05-14
2008-06-01,"USSERV",5525,2025-05-14,2025-05-14
2008-07-01,"USSERV",5522,2025-05-14,2025-05-14
2008-08-01,"USSERV",5512,2025-05-14,2025-05-14
2008-09-01,"USSERV",5512,2025-05-14,2025-05-14
2008-10-01,"USSERV",5516,2025-05-14,2025-05-14
2008-11-01,"USSERV",5476,2025-05-14,2025-05-14
2008-12-01,"USSERV",5446,2025-05-14,2025-05-14
2009-01-01,"USSERV",5430,2025-05-14,2025-05-14
2009-02-01,"USSERV",5411,2025-05-14,2025-05-14
2009-03-01,"USSERV",5383,2025-05-14,2025-05-14
2009-04-01,"USSERV",5372,2025-05-14,2025-05-14
2009-05-01,"USSERV",5368,2025-05-14,2025-05-14
2009-06-01,"USSERV",5371,2025-05-14,2025-05-14
2009-07-01,"USSERV",5368,2025-05-14,2025-05-14
2009-08-01,"USSERV",5359,2025-05-14,2025-05-14
2009-09-01,"USSERV",5353,2025-05-14,2025-05-14
2009-10-01,"USSERV",5334,2025-05-14,2025-05-14
2009-11-01,"USSERV",5324,2025-05-14,2025-05-14
2009-12-01,"USSERV",5320,2025-05-14,2025-05-14
2010-01-01,"USSERV",5325,2025-05-14,2025-05-14
2010-02-01,"USSERV",5317,2025-05-14,2025-05-14
2010-03-01,"USSERV",5328,2025-05-14,2025-05-14
2010-04-01,"USSERV",5335,2025-05-14,2025-05-14
2010-05-01,"USSERV",5328,2025-05-14,2025-05-14
2010-06-01,"USSERV",5313,2025-05-14,2025-05-14
2010-07-01,"USSERV",5326,2025-05-14,2025-05-14
2010-08-01,"USSERV",5324,2025-05-14,2025-05-14
2010-09-01,"USSERV",5332,2025-05-14,2025-05-14
2010-10-01,"USSERV",5357,2025-05-14,2025-05-14
2010-11-01,"USSERV",5347,2025-05-14,2025-05-14
2010-12-01,"USSERV",5338,2025-05-14,2025-05-14
2011-01-01,"USSERV",5327,2025-05-14,2025-05-14
2011-02-01,"USSERV",5337,2025-05-14,2025-05-14
2011-03-01,"USSERV",5332,2025-05-14,2025-05-14
2011-04-01,"USSERV",5341,2025-05-14,2025-05-14
2011-05-01,"USSERV",5345,2025-05-14,2025-05-14
2011-06-01,"USSERV",5353,2025-05-14,2025-05-14
2011-07-01,"USSERV",5358,2025-05-14,2025-05-14
2011-08-01,"USSERV",5377,2025-05-14,2025-05-14
2011-09-01,"USSERV",5382,2025-05-14,2025-05-14
2011-10-01,"USSERV",5383,2025-05-14,2025-05-14
2011-11-01,"USSERV",5391,2025-05-14,2025-05-14
2011-12-01,"USSERV",5402,2025-05-14,2025-05-14
2012-01-01,"USSERV",5414,2025-05-14,2025-05-14
2012-02-01,"USSERV",5414,2025-05-14,2025-05-14
2012-03-01,"USSERV",5422,2025-05-14,2025-05-14
2012-04-01,"USSERV",5416,2025-05-14,2025-05-14
2012-05-01,"USSERV",5416,2025-05-14,2025-05-14
2012-06-01,"USSERV",5425,2025-05-14,2025-05-14
2012-07-01,"USSERV",5433,2025-05-14,2025-05-14
2012-08-01,"USSERV",5431,2025-05-14,2025-05-14
2012-09-01,"USSERV",5442,2025-05-14,2025-05-14
2012-10-01,"USSERV",5446,2025-05-14,2025-05-14
2012-11-01,"USSERV",5448,2025-05-14,2025-05-14
2012-12-01,"USSERV",5452,2025-05-14,2025-05-14
2013-01-01,"USSERV",5458,2025-05-14,2025-05-14
2013-02-01,"USSERV",5456,2025-05-14,2025-05-14
2013-03-01,"USSERV",5451,2025-05-14,2025-05-14
2013-04-01,"USSERV",5455,2025-05-14,2025-05-14
2013-05-01,"USSERV",5471,2025-05-14,2025-05-14
2013-06-01,"USSERV",5479,2025-05-14,2025-05-14
2013-07-01,"USSERV",5484,2025-05-14,2025-05-14
2013-08-01,"USSERV",5493,2025-05-14,2025-05-14
2013-09-01,"USSERV",5502,2025-05-14,2025-05-14
2013-10-01,"USSERV",5509,2025-05-14,2025-05-14
2013-11-01,"USSERV",5511,2025-05-14,2025-05-14
2013-12-01,"USSERV",5525,2025-05-14,2025-05-14
2014-01-01,"USSERV",5533,2025-05-14,2025-05-14
2014-02-01,"USSERV",5535,2025-05-14,2025-05-14
2014-03-01,"USSERV",5553,2025-05-14,2025-05-14
2014-04-01,"USSERV",5565,2025-05-14,2025-05-14
2014-05-01,"USSERV",5568,2025-05-14,2025-05-14
2014-06-01,"USSERV",5562,2025-05-14,2025-05-14
2014-07-01,"USSERV",5566,2025-05-14,2025-05-14
2014-08-01,"USSERV",5580,2025-05-14,2025-05-14
2014-09-01,"USSERV",5574,2025-05-14,2025-05-14
2014-10-01,"USSERV",5581,2025-05-14,2025-05-14
2014-11-01,"USSERV",5591,2025-05-14,2025-05-14
2014-12-01,"USSERV",5593,2025-05-14,2025-05-14
2015-01-01,"USSERV",5599,2025-05-14,2025-05-14
2015-02-01,"USSERV",5606,2025-05-14,2025-05-14
2015-03-01,"USSERV",5607,2025-05-14,2025-05-14
2015-04-01,"USSERV",5614,2025-05-14,2025-05-14
2015-05-01,"USSERV",5622,2025-05-14,2025-05-14
2015-06-01,"USSERV",5615,2025-05-14,2025-05-14
2015-07-01,"USSERV",5628,2025-05-14,2025-05-14
2015-08-01,"USSERV",5621,2025-05-14,2025-05-14
2015-09-01,"USSERV",5621,2025-05-14,2025-05-14
2015-10-01,"USSERV",5630,2025-05-14,2025-05-14
2015-11-01,"USSERV",5638,2025-05-14,2025-05-14
2015-12-01,"USSERV",5653,2025-05-14,2025-05-14
2016-01-01,"USSERV",5647,2025-05-14,2025-05-14
2016-02-01,"USSERV",5666,2025-05-14,2025-05-14
2016-03-01,"USSERV",5673,2025-05-14,2025-05-14
2016-04-01,"USSERV",5678,2025-05-14,2025-05-14
2016-05-01,"USSERV",5670,2025-05-14,2025-05-14
2016-06-01,"USSERV",5682,2025-05-14,2025-05-14
2016-07-01,"USSERV",5690,2025-05-14,2025-05-14
2016-08-01,"USSERV",5702,2025-05-14,2025-05-14
2016-09-01,"USSERV",5714,2025-05-14,2025-05-14
2016-10-01,"USSERV",5720,2025-05-14,2025-05-14
2016-11-01,"USSERV",5729,2025-05-14,2025-05-14
2016-12-01,"USSERV",5711,2025-05-14,2025-05-14
2017-01-01,"USSERV",5729,2025-05-14,2025-05-14
2017-02-01,"USSERV",5741,2025-05-14,2025-05-14
2017-03-01,"USSERV",5748,2025-05-14,2025-05-14
2017-04-01,"USSERV",5753,2025-05-14,2025-05-14
2017-05-01,"USSERV",5765,2025-05-14,2025-05-14
2017-06-01,"USSERV",5769,2025-05-14,2025-05-14
2017-07-01,"USSERV",5775,2025-05-14,2025-05-14
2017-08-01,"USSERV",5777,2025-05-14,2025-05-14
2017-09-01,"USSERV",5780,2025-05-14,2025-05-14
2017-10-01,"USSERV",5793,2025-05-14,2025-05-14
2017-11-01,"USSERV",5803,2025-05-14,2025-05-14
2017-12-01,"USSERV",5805,2025-05-14,2025-05-14
2018-01-01,"USSERV",5809,2025-05-14,2025-05-14
2018-02-01,"USSERV",5814,2025-05-14,2025-05-14
2018-03-01,"USSERV",5816,2025-05-14,2025-05-14
2018-04-01,"USSERV",5824,2025-05-14,2025-05-14
2018-05-01,"USSERV",5835,2025-05-14,2025-05-14
2018-06-01,"USSERV",5844,2025-05-14,2025-05-14
2018-07-01,"USSERV",5829,2025-05-14,2025-05-14
2018-08-01,"USSERV",5829,2025-05-14,2025-05-14
2018-09-01,"USSERV",5838,2025-05-14,2025-05-14
2018-10-01,"USSERV",5841,2025-05-14,2025-05-14
2018-11-01,"USSERV",5839,2025-05-14,2025-05-14
2018-12-01,"USSERV",5846,2025-05-14,2025-05-14
2019-01-01,"USSERV",5854,2025-05-14,2025-05-14
2019-02-01,"USSERV",5856,2025-05-14,2025-05-14
2019-03-01,"USSERV",5875,2025-05-14,2025-05-14
2019-04-01,"USSERV",5891,2025-05-14,2025-05-14
2019-05-01,"USSERV",5886,2025-05-14,2025-05-14
2019-06-01,"USSERV",5894,2025-05-14,2025-05-14
2019-07-01,"USSERV",5899,2025-05-14,2025-05-14
2019-08-01,"USSERV",5901,2025-05-14,2025-05-14
2019-09-01,"USSERV",5903,2025-05-14,2025-05-14
2019-10-01,"USSERV",5898,2025-05-14,2025-05-14
2019-11-01,"USSERV",5911,2025-05-14,2025-05-14
2019-12-01,"USSERV",5917,2025-05-14,2025-05-14
2020-01-01,"USSERV",5933,2025-05-14,2025-05-14
2020-02-01,"USSERV",5934,2025-05-14,2025-05-14
2020-03-01,"USSERV",5847,2025-05-14,2025-05-14
2020-04-01,"USSERV",4511,2025-05-14,2025-05-14
2020-05-01,"USSERV",4740,2025-05-14,2025-05-14
2020-06-01,"USSERV",5092,2025-05-14,2025-05-14
2020-07-01,"USSERV",5236,2025-05-14,2025-05-14
2020-08-01,"USSERV",5289,2025-05-14,2025-05-14
2020-09-01,"USSERV",5334,2025-05-14,2025-05-14
2020-10-01,"USSERV",5354,2025-05-14,2025-05-14
2020-11-01,"USSERV",5344,2025-05-14,2025-05-14
2020-12-01,"USSERV",5313,2025-05-14,2025-05-14
2021-01-01,"USSERV",5319,2025-05-14,2025-05-14
2021-02-01,"USSERV",5319,2025-05-14,2025-05-14
2021-03-01,"USSERV",5338,2025-05-14,2025-05-14
2021-04-01,"USSERV",5368,2025-05-14,2025-05-14
2021-05-01,"USSERV",5375,2025-05-14,2025-05-14
2021-06-01,"USSERV",5443,2025-05-14,2025-05-14
2021-07-01,"USSERV",5488,2025-05-14,2025-05-14
2021-08-01,"USSERV",5520,2025-05-14,2025-05-14
2021-09-01,"USSERV",5537,2025-05-14,2025-05-14
2021-10-01,"USSERV",5572,2025-05-14,2025-05-14
2021-11-01,"USSERV",5595,2025-05-14,2025-05-14
2021-12-01,"USSERV",5617,2025-05-14,2025-05-14
2022-01-01,"USSERV",5602,2025-05-14,2025-05-14
2022-02-01,"USSERV",5643,2025-05-14,2025-05-14
2022-03-01,"USSERV",5655,2025-05-14,2025-05-14
2022-04-01,"USSERV",5666,2025-05-14,2025-05-14
2022-05-01,"USSERV",5669,2025-05-14,2025-05-14
2022-06-01,"USSERV",5677,2025-05-14,2025-05-14
2022-07-01,"USSERV",5707,2025-05-14,2025-05-14
2022-08-01,"USSERV",5708,2025-05-14,2025-05-14
2022-09-01,"USSERV",5730,2025-05-14,2025-05-14
2022-10-01,"USSERV",5743,2025-05-14,2025-05-14
2022-11-01,"USSERV",5759,2025-05-14,2025-05-14
2022-12-01,"USSERV",5772,2025-05-14,2025-05-14
2023-01-01,"USSERV",5784,2025-05-14,2025-05-14
2023-02-01,"USSERV",5783,2025-05-14,2025-05-14
2023-03-01,"USSERV",5792,2025-05-14,2025-05-14
2023-04-01,"USSERV",5802,2025-05-14,2025-05-14
2023-05-01,"USSERV",5816,2025-05-14,2025-05-14
2023-06-01,"USSERV",5833,2025-05-14,2025-05-14
2023-07-01,"USSERV",5846,2025-05-14,2025-05-14
2023-08-01,"USSERV",5865,2025-05-14,2025-05-14
2023-09-01,"USSERV",5884,2025-05-14,2025-05-14
2023-10-01,"USSERV",5889,2025-05-14,2025-05-14
2023-11-01,"USSERV",5903,2025-05-14,2025-05-14
2023-12-01,"USSERV",5906,2025-05-14,2025-05-14
2024-01-01,"USSERV",5917,2025-05-14,2025-05-14
2024-02-01,"USSERV",5928,2025-05-14,2025-05-14
2024-03-01,"USSERV",5946,2025-05-14,2025-05-14
2024-04-01,"USSERV",5954,2025-05-14,2025-05-14
2024-05-01,"USSERV",5963,2025-05-14,2025-05-14
2024-06-01,"USSERV",5974,2025-05-14,2025-05-14
2024-07-01,"USSERV",5975,2025-05-14,2025-05-14
2024-08-01,"USSERV",5975,2025-05-14,2025-05-14
2024-09-01,"USSERV",5982,2025-05-14,2025-05-14
2024-10-01,"USSERV",5983,2025-05-14,2025-05-14
2024-11-01,"USSERV",5995,2025-05-14,2025-05-14
2024-12-01,"USSERV",6002,2025-05-14,2025-05-14
2025-01-01,"USSERV",6015,2025-05-14,2025-05-14
2025-02-01,"USSERV",6015,2025-05-14,2025-05-14
2025-03-01,"USSERV",6032,2025-05-14,2025-05-14
2025-04-01,"USSERV",6031,2025-05-14,2025-05-14
